Country,iso,Fab_mean,Fab_std,Fab_skew,Fab_median,Fab_q17,Fab_q83,Fab_min,Fab_max
Afghanistan,AFG,0.003080282307216638,0.010510660449583105,0.07463104074973269,0.0021747035551208257,-0.004583708972401619,0.011637907068977356,-0.035833403885240554,0.03392639150068283
Angola,AGO,0.027672002086921263,0.04066401812110395,-0.7611533241248368,0.030924371186008454,-0.006704460931873324,0.06404480940940857,-0.17561785008975983,0.1524135731534195
Albania,ALB,0.0009600916682198116,0.0024494332567025255,0.0622644758089091,0.0008931039268499613,-0.0008979270496658981,0.0029554361099123957,-0.006602045987529755,0.009311629424548148
United Arab Emirates,ARE,0.00018001657431388165,0.0005329832571174785,1.9001088976674225,4.724893483611755e-05,-2.552083551431075e-05,0.00038150887085949565,-0.001874129352156222,0.004179217857640386
Argentina,ARG,0.03246017627848371,0.14261946624046506,-0.44622341793064746,0.03960925585092545,-0.07744286068282127,0.149855141547966,-0.5287342408377839,0.5556190209663391
Armenia,ARM,-1.659475243476815e-05,0.0020075428883810694,-0.04584148932813233,8.48603346533142e-06,-0.0018204514255833627,0.0015649161181408168,-0.007753818490934372,0.007071166769979
Australia,AUS,0.020642891411488864,0.26824569961551586,0.1035277268137185,0.008911192986440658,-0.235622504643898,0.2364144937488551,-0.7159882869068909,0.8287975650892639
Austria,AUT,0.0038050409003885562,0.004833293569944995,-0.27207596164940445,0.0037830390078791975,0.00011624804100655015,0.007784932558356855,-0.019148763360481262,0.026529766676211358
Azerbaijan,AZE,-0.00015284911197055366,0.003945284051805604,-0.15071113632,-2.8218747507333585e-05,-0.003832829163749218,0.0034413289573532345,-0.012119362790672779,0.010349578201079368
Burundi,BDI,0.0008649389848105223,0.001978767838512299,-0.6378089250234008,0.000906379826669991,-0.0008807898233435304,0.002692523002232313,-0.008978696382038593,0.005922910441337824
Belgium,BEL,-0.00015103961711571622,0.0022815069492362256,-0.31466210743031015,-5.1023461620360565e-05,-0.0018045183303421735,0.0015610720050424336,-0.009469210006675721,0.008960481223006248
Benin,BEN,-0.0016516561031030832,0.007973649463977099,-0.7264979860341724,-0.0013829945912449805,-0.006393477676529884,0.003440155507477522,-0.04962706920298576,0.03929567895608902
Burkina Faso,BFA,-0.0012698831883410295,0.011976463124911654,-0.5078836234329452,-0.00203471341715157,-0.009570227196669579,0.007984503322284358,-0.06087024503943443,0.03947412977778435
Bangladesh,BGD,0.005400602312007382,0.008917566387037992,0.09202688398029996,0.0052135591799771785,-0.0016863421984204654,0.012818904937816351,-0.03456318310887813,0.04722865473388672
Bulgaria,BGR,0.004607946973591818,0.008260895132601009,1.29745541258444,0.004160360095921755,-0.0010977240677583217,0.009096503564221859,-0.03010203102194786,0.05284280669284821
Bahamas,BHS,0.0001903133574691178,0.0005969215622335619,1.1527448887176817,1.262e-05,-2.871903712499887e-05,0.0006052884523661435,-0.0017687524091866613,0.0028118489963781836
Bosnia and Herzegovina,BIH,0.0017109546834968427,0.005233187381594734,-0.5527553297493193,0.002479177149181962,-0.003078889667830467,0.006235200942983628,-0.01648530549759865,0.019407077526168822
Belarus,BLR,0.004924748645265105,0.013899716214504615,-0.8549818189072507,0.005595426678090095,-0.004936076010049581,0.01584650996222496,-0.0609938483436203,0.03817567272137642
Belize,BLZ,-0.0005505517326249835,0.0018894395991589947,0.9423643910257398,-0.0007850514543130992,-0.00214982,0.0009714732225424051,-0.005823195800837278,0.009045012663280963
Bolivia,BOL,0.01373907518949412,0.06835199416797874,-0.03732335363999322,0.017019710671310424,-0.05089898881480454,0.07281377251844406,-0.21436736309009552,0.20414071111515045
Brazil,BRA,-0.029013559182575446,0.37134822140177015,-0.20134965691102613,-0.012597111566162111,-0.40173848051192285,0.3424885753302002,-1.1196979367460633,0.9702156403045654
Brunei,BRN,0.0005229958022119724,0.001102995555849289,1.8630399882956705,0.00010561576284393666,-0.00024118999999999999,0.0013024648464673757,-0.0011988444586233794,0.005473795208923817
Bhutan,BTN,0.0011027044050083417,0.002294210433516887,-0.11266906334265528,0.0009887697285101563,-0.0009864927622544766,0.0031384226639187334,-0.010908493943457604,0.008297227486631871
Botswana,BWA,0.004249152956322475,0.0223009166314642,1.0725457242120329,0.00037286051257126503,-0.01172475369496584,0.022693920480418205,-0.06539534333683014,0.11213011470964432
Central African Republic,CAF,0.027809555058544558,0.025778940438097767,-0.8486139879611342,0.028947039388766287,0.005816728255649805,0.0484849944889164,-0.12807413024074554,0.10429511189186096
Canada,CAN,0.185209311104442,0.1313342901232463,-0.013013380802160052,0.19081784832988738,0.058385956294040676,0.29924394772807916,-0.18511156463256837,0.6532624125343323
Switzerland,CHE,0.0012670223762063944,0.0023068891486569057,-1.0115540658952111,0.0011568088237580657,-4.065783117839135e-05,0.002850560790820122,-0.012197887999794483,0.010780260446658134
Chile,CHL,0.00913961140319198,0.01722712266354388,-0.06866417479423363,0.009154502893857955,-0.005359243671943306,0.02431575233938217,-0.03932997897727013,0.05750129571663856
China,CHN,0.28992245356748725,0.1358916695395835,0.15547976884422343,0.29019445303649904,0.17456490849658965,0.40399889924088433,-0.14974214927856444,0.8163492877845764
Ivory Coast,CIV,-0.0117493936825424,0.033146640264238095,-1.1529765367542575,-0.007425320542373652,-0.037324778628034586,0.01601305226302624,-0.214647334678421,0.09145797017534256
Cameroon,CMR,0.01645063474747577,0.016559270782243098,-0.08479931885274307,0.017598363319220545,0.0011597100942778594,0.031037923628273012,-0.042117765095839504,0.07771943712429047
Democratic Republic of the Congo,COD,0.0347726660093267,0.08533575226396974,-0.24351725035523894,0.03471719969280243,-0.03875840514545442,0.11335258664314271,-0.3287111920211792,0.2866283869415283
Congo,COG,0.01960008959151472,0.015830074477087928,0.4152250145358448,0.01907461666413784,0.00618296324035883,0.03317885336174011,-0.02044449981721163,0.08633447476776122
Cook Islands,COK,4.447819773785718e-06,5.062159088365839e-06,0.9442392218808641,4.59e-06,0.0,1.082e-05,-5.501082682712877e-07,3.12241711563617e-05
Colombia,COL,0.038867582211646046,0.06614745175833281,-0.028214144065432382,0.04078651864427567,-0.021534317220375538,0.10257348499996186,-0.17590908542453765,0.26796469413734436
Comoros,COM,-2.0201529764581367e-06,6.880397838683363e-05,0.053620544796402915,-1.6614397191943132e-06,-7.46e-06,0.0,-0.00033051751656763253,0.00037285496364347637
Cape Verde,CPV,1.0781445672752086e-05,4.294010007595687e-05,4.0579313936062835,0.0,-2.25e-06,5.286241275825887e-07,-3.476006929342635e-05,0.00029113784267090264
Costa Rica,CRI,0.003440795864564616,0.003809834769032552,0.4498691442679086,0.0030074739609676597,0.00021730257049522157,0.006404468892205474,-0.010461997110742331,0.015239180886354446
Cuba,CUB,0.004810418965652491,0.012965494260468358,-1.9509489902308499,0.005089577597284317,-0.001344218595804572,0.011677697985076904,-0.09022266824094773,0.061757155185232164
Cyprus,CYP,0.00020696412889683162,0.0005586410637829983,0.3555766110153494,0.00017338716026728973,-0.00015090520990576595,0.0005641828775244206,-0.0022447131679588558,0.002968971390169859
Czechia,CZE,0.003305535358755302,0.007931009342413019,-0.494804368966503,0.0034286379956626895,-0.0029825625871980187,0.009621114353785515,-0.042249378587083816,0.03901272071030617
Germany,DEU,0.0073792038262516756,0.02804713718601591,-0.6496588209202689,0.008541897477903366,-0.010565547083513737,0.029932289578524826,-0.13154470147743225,0.14615082247978212
Djibouti,DJI,9.348696498957019e-06,0.0003430935414953686,-0.09896465616509334,-7.98021261298185e-06,-0.00018032589633636177,0.00015947706928946077,-0.0020049570575761794,0.0014261922895997762
Denmark,DNK,0.001060165152372618,0.005571026586530977,-0.5893995558091374,0.0010117683778840304,-0.0021395317170719804,0.00430521267714858,-0.03052116383117199,0.021283579670286178
Dominican Republic,DOM,0.00201461825342776,0.006689124493003135,1.3913184492547437,0.001714384215863645,-0.002115434752764702,0.00573816982350707,-0.036853740527334214,0.04996695852205277
Algeria,DZA,-0.0025154020469856956,0.021707521776757412,0.36920348366586225,-0.002192400454548895,-0.016482301237983703,0.01165207119606018,-0.10524284573072433,0.1253448145799637
Ecuador,ECU,0.01057348830588222,0.012705180863649586,-0.11014849569803932,0.010570691967139244,-0.0011983328490257263,0.022803256614570618,-0.03502200349584103,0.05146613326942444
Egypt,EGY,-0.00011447933843386256,0.007976659247911355,6.446993435946107,-0.0002892442321145488,-0.0018853106228139253,0.0008459374745517969,-0.040690085489168165,0.08811025812597274
Eritrea,ERI,0.0013396129664269099,0.0026315462039683294,0.931431339323948,0.0006444935106101632,-0.0007330031655953824,0.0036253614731681346,-0.006232194132974147,0.011485029834144116
Spain,ESP,0.011005162428192907,0.024571096628720056,-0.7062850831086489,0.011994565825037957,-0.008286899899072647,0.03343978704333305,-0.09214960336177826,0.07041836347223282
Estonia,EST,0.0016238408333320987,0.003059267510352303,0.5850686975184464,0.001644735291249454,-0.0009481429696951699,0.003886352978490591,-0.010146964230663776,0.01725238439963341
Ethiopia,ETH,0.033748711287416036,0.04574636525491134,0.21386034481431068,0.031559689841108324,-0.009234593513879926,0.07700987998015404,-0.1426596623544693,0.215263256608696
Finland,FIN,0.003863734067349542,0.013029702977315438,-0.8662715611066409,0.004781828301503658,-0.0076044385422635065,0.016147427272057535,-0.07919973909646988,0.04275041232334137
Fiji,FJI,0.0005652425862822514,0.0022101281208777883,-0.7501700384089274,0.00035068995480805635,-4.6283854403886946e-05,0.0018093164987921715,-0.010203844842495919,0.01046053441374302
France,FRA,0.0204319473604052,0.03926395931509229,-0.003412578859829291,0.022952058806667328,-0.010124896068148613,0.050147556733169556,-0.09983033982097626,0.1992808999528885
Gabon,GAB,0.016507092589536358,0.012134212519999616,0.4549581711274031,0.0156385246544075,0.0063798002879738806,0.026458037172279358,-0.022112824133377076,0.06397187549818038
United Kingdom,GBR,0.0017047057663333092,0.010345869117859934,-0.5617135148668905,0.0018878899482560156,-0.00635866673238635,0.009356454849553109,-0.05617104007461548,0.04081088946790695
Georgia,GEO,0.0032354540263407165,0.003542759095136761,-0.14956017208402989,0.003448984556912482,0.00021204856498122223,0.006303900317260027,-0.007770434926431179,0.01738628643838644
Ghana,GHA,0.004619013639522408,0.016438518311358143,-1.3182661200209806,0.005288896996557712,-0.007213500962459073,0.01841055412870407,-0.08555766552324295,0.05155636908685684
Guinea,GIN,0.0030862295785737343,0.009404170921631162,0.20470261246624655,0.003194096908824444,-0.005053704600264712,0.01112738313472271,-0.029798494219470024,0.040231799264259335
Gambia,GMB,-9.504728776128628e-05,0.0006306447120179946,0.1662004379118327,-9.247736211359507e-05,-0.00055346,0.0003262188761214912,-0.0034544253155982495,0.0028952094722008706
Guinea-Bissau,GNB,0.0003654882659588077,0.002243324189197017,-0.3853840996930401,0.00019189903641805047,-0.0010639757374707609,0.0017822973173326254,-0.014103293233757018,0.010200287078490257
Equatorial Guinea,GNQ,0.0010045674739697446,0.0014646238578339024,-1.1786147100722824,0.0010265170534926654,-0.0002679667078858614,0.0023657335821795464,-0.008933550501719713,0.005104741548620463
Greece,GRC,0.0060131700212992575,0.008904637586256646,0.12105605022966187,0.005557833848942519,-0.0009997327376410365,0.01391899699795723,-0.021969864827136993,0.04092556368759155
Guatemala,GTM,0.0017548764671225555,0.008877675229522021,0.5725827368862088,0.0014425020675009489,-0.006148029056767226,0.008927238500051497,-0.028751889922103882,0.04360962067194939
Guyana,GUY,0.013468775395642877,0.016742921706330228,-0.049906408000313804,0.013756914997546672,-0.002235476194569171,0.02715106870871067,-0.049353875544204714,0.06619778308197022
Honduras,HND,0.0038232483889638026,0.008245193685314007,-0.1144487414851577,0.0035922995577704906,-0.0033051411825867,0.01119065274212122,-0.030179146696891784,0.03566583663292885
Croatia,HRV,0.002267441309196168,0.007218359834648692,-1.2937114082111927,0.0030881930293411015,-0.0021175214156258105,0.007163146885267496,-0.03405094331258774,0.023233595872540473
Haiti,HTI,0.0007031896592737322,0.00545461547849845,1.0866006546321432,0.0005911553845304251,-0.0016752029243135452,0.003466486114596128,-0.02794023079466343,0.04118015855222702
Hungary,HUN,0.002753493401810639,0.009065083434954444,-0.6885579096093911,0.003407191897216365,-0.003913511106239557,0.009132530065147876,-0.03851640417316437,0.03359343964236736
Indonesia,IDN,-0.08090953055142741,0.13815571855961864,-0.043165419969862166,-0.07305665770526881,-0.2098604881635189,0.03506010067508697,-0.6043991995484543,0.3864130931390381
India,IND,0.15048082894924475,0.11016090566273079,0.5985809493201149,0.1394157435191965,0.050482374065113064,0.24726347687080383,-0.19465894909339904,0.6188925649336243
Ireland,IRL,0.0022203712665020007,0.004476342536321374,0.9521822082767412,0.0014789543584039807,-0.0007684419271065015,0.0052391655279481406,-0.021864756319131852,0.02462438452879429
Iran,IRN,0.0031577768279836675,0.024492982287922682,-1.0140094981391787,0.004202255758266449,-0.01307833614933014,0.01994533611419201,-0.13882764626365662,0.08627866667001724
Iraq,IRQ,0.00036281620705912274,0.005518340050123418,-0.265433055485965,0.0001447046412605046,-0.0029810245101574064,0.0042376926877665515,-0.02842395021598816,0.021787836963295937
Iceland,ISL,0.0010610188483297913,0.003730093000141846,0.6009299894972934,0.0005949307099507748,-0.0009968760042604805,0.00285047079030633,-0.017310305307021143,0.016220577499804496
Israel,ISR,-4.767865875225322e-05,0.0009121611980965142,0.19300923944259882,-4.908916995797306e-05,-0.0008002722856036039,0.0006990241860425473,-0.003209216700692177,0.0033525776456058026
Italy,ITA,0.008270955201656906,0.019480517571182226,-0.2750185573173819,0.009138852277692408,-0.006727634399156955,0.022908539528939724,-0.07326541139627457,0.08576485555458069
Jamaica,JAM,0.00044137717016528,0.0017093973443175709,1.9441879451645996,0.00036288,-0.00013182434460397017,0.0011592767212721706,-0.009570781117100715,0.014206691629977227
Jordan,JOR,6.303385202387184e-05,0.0010559753311839475,1.627766513770116,3.9369908670336005e-05,-0.00037681909303829075,0.000521762641786635,-0.004495865732504129,0.006967260496712923
Japan,JPN,0.02342305743584114,0.014242944213709611,0.31081158178050866,0.022939567053966523,0.011434484914089441,0.034975887497015,-0.02389966208536148,0.07207213746221543
Kazakhstan,KAZ,0.017215440196077594,0.06531586881357179,0.728586688188404,0.01110176424015999,-0.0270518360027349,0.05843006882464409,-0.2320500156294632,0.3199306306130981
Kenya,KEN,0.03393041498709899,0.03150018932619496,0.46301064599711644,0.029833821113290786,0.006625832731878757,0.06283409787193299,-0.05161150489771843,0.13664664691387177
Kyrgyzstan,KGZ,0.0029842578208299914,0.008200965937926115,0.6133625699236926,0.0023328166509985924,-0.0024067801118180156,0.008008455627291203,-0.0289238022585392,0.0365290385025692
Cambodia,KHM,0.0014086938285622636,0.017345766593546242,0.6040449246100377,0.0006744469283246988,-0.014312713251326084,0.016072689861989023,-0.05062267838915825,0.07543232980112076
Kiribati,KIR,4.076186275990494e-06,1.275121869141778e-05,3.7798139881695265,0.0,0.0,0.0,0.0,8.586994226789102e-05
South Korea,KOR,0.008845269768485781,0.00732238508873069,-0.7320302414085866,0.009201360855156184,0.004020100296885148,0.014466062267606258,-0.026690771678466795,0.0323203099457407
Kuwait,KWT,1.365626470651498e-06,0.00022863873497953234,1.7589493376862448,-1.5199896651602467e-06,-6.435947123160586e-05,5.512594983626157e-05,-0.001040961227348447,0.0017349690039080382
Laos,LAO,0.009035005004084325,0.022044954926018226,-0.06286237976496824,0.010647948621311187,-0.009310089952933788,0.024712073784894942,-0.08134441793226242,0.09405785038534165
Lebanon,LBN,9.454138060953143e-05,0.0005268287482341389,0.7057941512816915,5.479955820681527e-05,-0.00028037773349849973,0.0004959414962889254,-0.0027616974039798977,0.0037420419326663016
Liberia,LBR,0.0014871724258743195,0.005718366006483528,-0.2324968249863938,0.0016144376468658446,-0.0036146280538588765,0.0069093382815217964,-0.017531841785013675,0.016975590710759162
Libya,LBY,0.00029199140547810716,0.010221392804190904,-1.174538286235818,0.0005111097776834294,-0.0013644204682025313,0.003259195795968771,-0.08068618270988465,0.06301317435976028
Sri Lanka,LKA,0.0033586410857597135,0.008563826501708746,1.772274059234287,0.0025972659387481214,-0.0028593331312337517,0.008327855186419486,-0.026522689471702575,0.05372657243068695
Lesotho,LSO,0.000425347480962374,0.004750264742435055,0.2800064393399385,0.000495826336966753,-0.0035100516100108623,0.004015475642600059,-0.015952416794612408,0.018452756945548057
Lithuania,LTU,0.0019368642044374457,0.004822898983206666,-0.29657415853358354,0.0018817213980704545,-0.0015513046542212335,0.005947968270417588,-0.015396426683375836,0.019208726929798126
Luxembourg,LUX,-5.91202913508857e-06,0.00016898911421135116,-1.7865530820630218,-2.37e-05,-5.3617092516089325e-05,9.785862917453049e-05,-0.0010446277735066413,0.0005836921753223241
Latvia,LVA,0.00177815084410938,0.003612761882886893,-0.07356325191561966,0.0018840329791861773,-0.0011695269424957036,0.0046314731207966805,-0.01018033642316103,0.013070729523024559
Morocco,MAR,-0.003575631203468445,0.018651340366060934,0.7020063840968453,-0.002955755276827216,-0.017425274193601608,0.008372482562692166,-0.07593145060260773,0.09284511410446167
Moldova,MDA,0.0008736144568885517,0.003000193929167708,0.22725305486050637,0.0008302046279030665,-0.0017114445808073878,0.0034404468672023687,-0.0074660053375554085,0.011366853998157978
Madagascar,MDG,0.012757092983141186,0.027776058151174694,-0.6803259467420997,0.013342252754502296,-0.007838736277061217,0.03744687756418228,-0.11988776489236831,0.09231042652662277
Mexico,MEX,0.06035982023067616,0.09380567573730315,0.3427454065372938,0.05220274340815544,-0.005212845811237097,0.13473049456352235,-0.22767490119701386,0.3883867118461609
North Macedonia,MKD,0.00112907695074647,0.0022526824996659915,0.896369443849165,0.0010647156778842211,-0.0005768748264099657,0.0027567270687401295,-0.007833176786737442,0.014268222770342827
Mali,MLI,0.0014680441741389192,0.015769437412311575,0.3536092380564056,0.0008964232766437534,-0.010791456847334504,0.01425487355120182,-0.050864729504241944,0.0823233670850563
Myanmar,MMR,0.015234114438061205,0.04032170262768542,0.2643084026071091,0.014392471711521148,-0.020575001315383017,0.05038570210639953,-0.10557572381362915,0.16885843993263244
Montenegro,MNE,0.0010805586273542462,0.002083372196021215,-0.402601528826418,0.0011621947788374126,-0.0003174023395475745,0.002601912237640023,-0.0067623679645705224,0.007458313130537271
Mongolia,MNG,0.014500049043320671,0.04230939135636824,-1.011104272146379,0.014223422880680561,-0.009651761421762705,0.05247748650756836,-0.2034606439326477,0.124980421083889
Mozambique,MOZ,0.015953751825688645,0.05034108885409325,-0.0729673393534536,0.015995587380328177,-0.02465844242811203,0.05820330684482575,-0.1493486493611908,0.23143839079387665
Mauritania,MRT,0.0007475465970047556,0.005763447378026929,1.3612776935129305,-8.712276783012785e-05,-0.0024369389950621126,0.0040864965119755264,-0.01847890418212414,0.03351681029414177
Mauritius,MUS,-1.831781375156157e-05,0.0001140549720339022,-0.8732864574518464,-4.16e-06,-5.5730000000000003e-05,1.8011358406459914e-05,-0.0009169136215011776,0.00044303480598926543
Malawi,MWI,0.0005796267472326787,0.007386923782581136,-0.2383654953753843,0.0013713052387416364,-0.005685425452418365,0.006516512266151905,-0.025596773653082848,0.0308109011810112
Malaysia,MYS,-0.005762623644579578,0.02381236936028077,-0.4501937113868991,-0.003091269696965219,-0.02731250443439484,0.016039212512140272,-0.11161916292060375,0.06714045377290725
Namibia,NAM,0.0017159240617263321,0.029325705108629186,-1.0745150087778883,0.0037788906634032724,-0.01997137326798439,0.025433901399736406,-0.13231005375995636,0.09497662695375443
Niger,NER,-0.0021981761632172536,0.013585111392601159,0.3323956253817171,-0.003432869833166599,-0.012896558286981583,0.008696413813911081,-0.05660219456108093,0.0558260266849041
Nigeria,NGA,0.02310765526140599,0.03122537940976179,-0.00962955736539025,0.021154775061864854,-0.001973360126686096,0.05128300098483086,-0.08580377650074006,0.16763736878528596
Nicaragua,NIC,0.0040689171754496175,0.008426401873742629,0.1547517544966837,0.003818521613564491,-0.0034609418604077398,0.011636629125378132,-0.026182724687976836,0.030094017155017853
Netherlands,NLD,-0.0009744980167324708,0.0023388880089833656,-0.4298669266540083,-0.0011592393148291112,-0.002293415670941025,0.0005847011192713678,-0.013981002860224247,0.009152761863946915
Norway,NOR,0.007450209245903699,0.01082502000093555,0.38446663462744973,0.006515834899374247,-0.0012935942394030095,0.01536069268941965,-0.033662197369475365,0.0438832699465847
Nepal,NPL,0.004699496339532459,0.00901705350942711,-2.498406443422453,0.005430691714994907,-4.136800642728835e-05,0.010891929850935936,-0.058164205455513,0.03319779469347954
New Zealand,NZL,0.011173084284872122,0.011597087104561005,-0.38295628436795265,0.01109498717019558,0.0011213713962960241,0.02209678292588234,-0.03701818451239586,0.04501045786671638
Oman,OMN,-0.00011608657578454492,0.0024790099985935454,1.5020472617660012,-0.00016368046690423043,-0.0007783839980876445,0.00040254853471182286,-0.010622402610144615,0.015483876348254681
Pakistan,PAK,0.005829826423102066,0.024981129173208293,0.8380606147520716,0.0030969586285829543,-0.012997892862303257,0.023647538501615523,-0.08012853357130051,0.11789597526330949
Panama,PAN,0.0048102704702736665,0.0059156050137807005,0.7375687797216894,0.004079896835819483,0.00039954039175391196,0.008774051238584518,-0.01747781370727539,0.032629203744678495
Peru,PER,0.05386306275441648,0.05285487422681653,-0.4288865344835511,0.05414945536315918,0.013673845445804597,0.09270155577953339,-0.21156458242622375,0.20382964583625793
Philippines,PHL,0.010120134473765004,0.02159025715061465,1.2869845407698892,0.007746851838605404,-0.004545060516983867,0.024192354324269295,-0.06603400566170692,0.1354835792671585
Papua New Guinea,PNG,0.029118593075643507,0.021498490443340797,0.3225742429235496,0.025754405820264815,0.009886666088271141,0.054518046492233276,-0.05233289893953323,0.08243384196516038
Poland,POL,0.012940259389674854,0.022361965320069618,-0.25733795352374483,0.013822119755153208,-0.006873408379023075,0.033185143779954906,-0.06386432653079986,0.09519434607078553
North Korea,PRK,0.006472736784162164,0.006442823925376659,0.16991204000618645,0.0069247483974456785,0.001297327284540534,0.011135178032577037,-0.018374310614776613,0.04091337883548737
Portugal,PRT,0.001803134696969083,0.00565750692827387,-0.42539014106471906,0.002020779340479672,-0.003250363657656908,0.006545932331522703,-0.021841011571006774,0.018756308799467086
Paraguay,PRY,-0.0033840239121407,0.033518510288671054,-0.30634728964821994,-0.002703250259070398,-0.031342513266860245,0.027434087264842987,-0.11802368418449402,0.09354936549474716
Palestine,PSE,9.525583152904295e-05,0.0006019272022671773,0.535432574702955,1.8121727407560684e-06,-0.00013338849329760298,0.0002530493675708771,-0.004123377564678192,0.003057110649614334
Qatar,QAT,1.6364277593550476e-05,0.0002226706810643501,1.015069174971722,-3.67e-06,-2.551937232434284e-05,2.9493430956853554e-05,-0.0011121203735738993,0.0012122743377995491
Romania,ROU,0.006824682501029539,0.016797188949644548,-0.6072589103646384,0.00882464021314025,-0.006781976288967133,0.019961597004270554,-0.06427424712078095,0.06902327919900894
Russia,RUS,0.3404023733487716,0.2392451507454128,0.03214266063947342,0.3371999364257813,0.09968289921073911,0.5831904044700622,-0.313109135236454,1.0719501192306518
Rwanda,RWA,0.0011981435631097839,0.0022289329338768355,0.2713505146068384,0.0011013857098087667,-0.0005277005492468179,0.0029900568398332594,-0.007216887396131754,0.009820658475282192
Saudi Arabia,SAU,0.0008212015529935171,0.007197711433127868,-0.7908991128992922,0.0003091006161823124,-0.0010032244171833992,0.0027252845031404496,-0.056045465065641405,0.04318138065857887
Sudan,SDN,0.005596330881071688,0.031411067575018714,1.155823110158994,7.55520477890969e-05,-0.0164314443978825,0.02895077019498825,-0.10903807710655213,0.15331495725528718
Senegal,SEN,0.0008784207734556799,0.011191508081915557,2.140526330674042,-0.00027916893017329277,-0.0056435312423789505,0.005255479246430397,-0.0417916486814785,0.08220722700660706
Solomon Islands,SLB,0.0002543504917593872,0.0014261431298583894,0.1560680344240705,3.5968497356771373e-06,-0.00093731,0.0014784810719972847,-0.00807419616751194,0.004935143825161457
Sierra Leone,SLE,0.002019011845182975,0.0035754892807909047,-0.3491638633791617,0.002011667942236662,-0.0011301212886621532,0.0055422605689978595,-0.013027593740870952,0.012205320155844688
El Salvador,SLV,0.0017254678243396506,0.002725146319826787,-1.1088155903351298,0.0015265344216881692,0.000133650714754127,0.0034790006003290416,-0.01918042713585377,0.015361662956907749
Somaliland,SOM,0.004221611530616461,0.014381394851601226,0.8491606404915465,0.0013091952681314944,-0.0065709895214316255,0.01608372313000202,-0.04218106838232041,0.0682719635051918
Serbia,SRB,0.00429231097682953,0.007471964998938817,-0.4350575053967569,0.004457870269608498,-0.0013528284340047839,0.01013669373423338,-0.03263771974977493,0.035893652865366936
South Sudan,SSD,0.015820909471474343,0.024782613446890867,-0.817828337538961,0.015959102900481224,-0.0020105624134458605,0.03721135939499855,-0.10029776704944611,0.10683412618968964
Sao Tome and Principe,STP,-1.117197828049557e-05,2.637865149504866e-05,-1.7190207876417998,-5.396383944618283e-06,-1.8780000000000003e-05,9.300000000000001e-07,-0.00018649434426423164,6.969426832942292e-05
Suriname,SUR,0.011021358582411744,0.009420593636265085,0.10593820601926893,0.011172617316811085,0.0028328919349330664,0.018862370954651833,-0.018073517564110755,0.03838657091296196
Slovakia,SVK,0.0003746349267185665,0.007636440547225668,-1.0359000835086103,0.0019389967072565855,-0.00603186261120677,0.005829862092027664,-0.038274651814303395,0.027610628672075272
Slovenia,SVN,3.47383341790815e-06,0.0014817074650060134,-0.4775016617045905,0.00015106220649242406,-0.0013285557370184076,0.0012967465390259028,-0.005929744060274959,0.003965594640293122
Sweden,SWE,0.011933701687475337,0.014659524592470531,-0.610367022896305,0.012637793630445003,-0.00039272700968265555,0.02455855194413662,-0.05981038210068703,0.05087074223022461
Eswatini,SWZ,0.000567132239555766,0.0015265485134759718,-0.5235706831376048,0.0006335227295212447,-0.0005985855460961162,0.0018060767830955981,-0.005408109087787867,0.004685854693367481
Syria,SYR,0.001350047549906156,0.003980441518347012,0.2199820339374744,0.0013542681174519657,-0.0019313553784167767,0.0040600985549616815,-0.014045760286188126,0.01670000775309086
Chad,TCD,0.00013760360081661738,0.015486769215844347,-1.027911474246285,0.0008570675058388703,-0.011798950080648324,0.012119696923272845,-0.09734772676437378,0.057163730727128985
Togo,TGO,0.0011356118076678605,0.0037081983930054847,-0.39133043705447496,0.0009523241313931346,-0.0016020237617006899,0.0038583507402348517,-0.020252783501067163,0.016179985788478853
Thailand,THA,0.019488153235417607,0.05665540334778636,0.09295682081406917,0.0166091721390295,-0.02068009553477764,0.06352412083044053,-0.19652842178611757,0.24667134387691497
Tajikistan,TJK,0.0011606788127865514,0.0025414049110570546,0.26507238863675536,0.000882262414335534,-0.0007451664344923943,0.0032898856524568795,-0.010068940171580314,0.011266522776398658
Turkmenistan,TKM,0.0009398009026284004,0.007394598760156182,-0.15075040516917254,0.0005078016169589758,-0.003956264469947815,0.0067226155196690555,-0.02870212664796829,0.024701966252589226
East Timor,TLS,-0.0005883143419774712,0.002902990006131485,-2.0536158780464215,-0.0002464207357705943,-0.002016723633019626,0.0011436005651259422,-0.02085609485485554,0.0150325028423357
Trinidad and Tobago,TTO,0.0003835300364854397,0.0009851842651421759,2.9107591138589552,0.00024835717677608134,-2.0748778189523148e-05,0.0008406769971625507,-0.003335338634798527,0.007287507138394118
Tunisia,TUN,-0.00042001861243940114,0.004807043582791191,-0.48794048317313177,0.00021042869216386228,-0.004470941765863896,0.0031220217130428552,-0.017623836693611145,0.013646488844861984
Turkey,TUR,0.02114790927240349,0.02409159902680321,0.18952567362216166,0.020533788604536057,0.0008200814144042702,0.04162112235582352,-0.05773812597175598,0.09500337054292679
Tanzania,TZA,0.01447581483058321,0.04924704796934043,0.010522478794601645,0.014597018759214878,-0.02696587999419838,0.05625630767889023,-0.17498278116355898,0.18807279407691957
All Countries,Total,2.2049143975405414,1.1588796893693554,0.017273373691171108,2.2572712911758517,1.0548115276903185,3.2318006027387636,-1.4048172789061042,6.133160096400103
Uganda,UGA,0.018359367928964067,0.02092113022158919,-0.3668703196463487,0.018015239508099558,0.002846373349095583,0.03609126361974716,-0.07794882437465668,0.09762368527700424
Ukraine,UKR,0.00611221609672865,0.03661469874335908,-0.22156280443880993,0.007141915300488471,-0.024220922079302515,0.03932572103586197,-0.10982345816043854,0.12076742820222855
Uruguay,URY,0.00877928607511266,0.019776059356763045,-0.3763460965514122,0.007540404333331585,-0.004513103502581716,0.025158718836226463,-0.06912486833129883,0.06577508846273422
United States of America,USA,0.30361388886442076,0.24485801343623578,-0.22708019752475261,0.31114903580497744,0.08403770909729004,0.5337123950022888,-0.44443401964393614,1.0686554509063722
Uzbekistan,UZB,0.0020554323175084412,0.006472116199721151,-0.44716808844487643,0.0018221886896593869,-0.002382239243593216,0.007276318782666921,-0.03111288600335121,0.022311544198451043
Saint Vincent and the Grenadines,VCT,2.1471925591210144e-05,0.00011326959972348608,1.280272458763183,4.04e-06,0.0,1.8120000000000003e-05,-0.000481274388256073,0.0005851081572197378
Venezuela,VEN,0.01823019589306395,0.0632955702599695,-0.937581989939746,0.02517755517791033,-0.03468450252968311,0.07058310556388855,-0.2878096704199219,0.16280536879711152
Vietnam,VNM,-0.00561061136257352,0.026248128255823535,-0.6249660050339128,-0.0032669119352197636,-0.026046641766515558,0.01653323393995285,-0.13421305448667525,0.08384147003450394
Vanuatu,VUT,0.00035560973338069824,0.0005495921251938718,2.0421761648738914,0.0002095838312794268,-3.741e-05,0.000691688244252503,-0.0005379457902634889,0.002731495803491473
Samoa,WSM,-3.682811555993931e-05,0.00016871733236575447,0.5292502165478375,-9.110000000000001e-06,-0.00014127,3.8865290519855915e-05,-0.000686351630265899,0.0006835469217112661
Yemen,YEM,0.0013669429533128656,0.0023346333227454983,1.9113584836725415,0.000763420759383142,-0.00028366598648618907,0.003291245093612671,-0.0027725452523612976,0.01639795876481533
South Africa,ZAF,0.01113956331422861,0.061178551525494874,0.3595116450812298,0.011916445219249725,-0.047277809176368715,0.06312567954292297,-0.12307603489156722,0.20358905131175994
Zambia,ZMB,0.018001846818554563,0.042564836615293186,-0.8488058673525916,0.017406228396682738,-0.008791008117365839,0.054211175608291626,-0.17218904888698577,0.1347410374200821
Zimbabwe,ZWE,0.007160125226713473,0.03512630907616473,-0.2023770749436582,0.008139035032478571,-0.020838102216682433,0.030001528957419397,-0.17136989300575256,0.16261622066001893
