Country,iso,Fbc_mean,Fbc_std,Fbc_skew,Fbc_median,Fbc_q17,Fbc_q83,Fbc_min,Fbc_max
Afghanistan,AFG,-0.0036409904854841166,0.0009050916354689005,-1.7012076172375947,-0.00345972153930131,-0.0041646650198039,-0.00290105407723201,-0.00742167946180832,-0.00242331120738994
Angola,AGO,-0.030782092993969837,0.012285676333755144,0.04025219372015269,-0.03318844733324229,-0.0465147938341081,-0.01739249238204539,-0.04930977925858848,-0.0107437538341081
Albania,ALB,-0.00136869720994496,0.00018507101683849807,-0.6046508258605979,-0.00136685168314593,-0.00152063407899203,-0.0011749088802935272,-0.00212497381071933,-0.0010347138310350201
Andorra,AND,-0.00012159226972173052,1.0000514041406286e-05,0.9405278703820238,-0.00012511,-0.00012988000000000002,-0.000109984474,-0.00013505,-9.846e-05
United Arab Emirates,ARE,-0.05889049870494766,0.0017651595570722938,-0.1772763766806321,-0.058816418957854104,-0.0611028348049493,-0.0568117649490616,-0.0614394748049493,-0.0562292510083716
Argentina,ARG,-0.07119050451683011,0.01989003521093482,-0.05076018636472976,-0.07717268199522599,-0.0898025663623858,-0.0460208763623858,-0.1203536827949192,-0.038310294553348306
Armenia,ARM,-0.0018173701713048768,0.00026335972743098525,-0.5217354066265838,-0.00179408558739833,-0.00207717883422811,-0.0015397204770241802,-0.0025430388342281103,-0.00142222639553552
Antigua and Barbuda,ATG,-0.00016278669869849372,8.65977110253569e-06,0.38546303725380376,-0.00016374,-0.000173137896192552,-0.00015368,-0.00017502,-0.00014047000000000002
Australia,AUS,-0.11968774974470674,0.010365749636127417,-0.6868830332670848,-0.11880048091819,-0.129836939636507,-0.10961133091819,-0.15671872105343698,-0.099490542638081
Austria,AUT,-0.016790764483907726,0.001724443316243796,0.7598665783545452,-0.017393597337159,-0.0183709707545516,-0.0145332707545516,-0.0196436984428831,-0.012730312703010203
Azerbaijan,AZE,-0.010525178259670295,0.0008077254768305865,-0.618434779902887,-0.01041571436343954,-0.0113713952535707,-0.00972333388529207,-0.013500853204344099,-0.00903056099771828
Burundi,BDI,-0.0008276710147965826,0.0005167313323400592,-0.7023093726968365,-0.0005675,-0.0014617894243826271,-0.00038531000000000004,-0.002023233633406273,-0.00021097
Belgium,BEL,-0.027052475247551815,0.0012392250538574394,0.7205163144318452,-0.0273384473863795,-0.0281040525714529,-0.025581225739782103,-0.029059985365976003,-0.0239441845847085
Benin,BEN,-0.004935532254221666,0.002101595367547921,-0.17104099902334752,-0.00489292879464427,-0.007211155668297409,-0.0025403432761645904,-0.00941126174168883,-0.00117861217716781
Burkina Faso,BFA,-0.0061142233942953,0.0015597066569421711,0.055061480384584374,-0.006647485769909888,-0.00769403242095061,-0.00433494877296271,-0.00900777529307624,-0.003542245769909888
Bangladesh,BGD,-0.02496041728841828,0.005354628553066259,-0.08969487837923071,-0.0245858788198463,-0.0308926288198463,-0.019610847365921797,-0.0361986569599095,-0.0135660729892153
Bulgaria,BGR,-0.011138872655918647,0.0011287506418114195,0.3424592575404182,-0.0112117214024352,-0.0123258487363537,-0.0100314495742358,-0.013664189115720501,-0.008147397789301302
Bahrain,BHR,-0.009264818105491996,0.0007405355725041271,-0.27193082825465703,-0.00886872614925414,-0.0101699336860394,-0.00846062206062553,-0.0102147398291861,-0.008409981538066392
Bahamas,BHS,-0.0006275945789165428,4.5570554697735274e-05,0.2635260496969481,-0.0006175200000000001,-0.000675903556581957,-0.0005829899999999999,-0.0006895200000000001,-0.00054118
Bosnia and Herzegovina,BIH,-0.005736956552908037,0.0004929480120141269,0.3470457846349083,-0.00576312820554442,-0.0062202755086368106,-0.005277522364455806,-0.00673569080504806,-0.004050263484042671
Belarus,BLR,-0.018267546489134923,0.0013954631033201589,0.08665843455654577,-0.01849454803503905,-0.0197440778683875,-0.0167521482241854,-0.021317776411098097,-0.0153249082241854
Belize,BLZ,-0.001825559023596493,0.0006014212493770237,-0.46681418938427116,-0.001762478415465315,-0.0024827384154653153,-0.00121364,-0.0032133400000000003,-0.0008869
Bolivia,BOL,-0.021301534431477125,0.004890511006263175,0.2110065518838415,-0.02194989809844107,-0.027148653707427972,-0.01621826199375351,-0.02939946571307793,-0.01006021809844107
Brazil,BRA,-0.4455026471551252,0.10340419450347747,0.660172821995834,-0.4691670344609651,-0.5372742444541481,-0.294651479519651,-0.623326496768559,-0.218329508423853
Barbados,BRB,-0.0004125836410404213,5.849800899760413e-05,0.6537454351292894,-0.00043691973951679,-0.00046023973951679,-0.000334977206956389,-0.0004973540137103389,-0.000293757206956389
Brunei,BRN,-0.0026736559735037967,0.0004324019051475516,0.1159106756640168,-0.0026598012053281397,-0.0031289350525181,-0.0021546000835424304,-0.00357301800260679,-0.0017629282735309
Bhutan,BTN,-0.0008376610552093375,0.0011633381690032499,-0.4162041631345733,-0.00017030242895549804,-0.002136062428955498,0.000288759253275109,-0.0037244424289554984,0.00050610916929315
Botswana,BWA,-0.003453781214503946,0.002566789110967833,-1.0050106671525958,-0.00222349,-0.00763835351129077,-0.0014903196883415564,-0.008140865756832101,-0.00108130770292037
Central African Republic,CAF,-0.001814006170692445,0.0011336130898675608,-0.6377271118752236,-0.00163405,-0.00353315,-0.00070031,-0.003823561229465517,-0.00037013000000000004
Canada,CAN,-0.18142888078758412,0.012980023360075857,-0.19294665479559628,-0.180131451580535,-0.195077901580535,-0.168065964673734,-0.21271127158053502,-0.15322084365737199
Switzerland,CHE,-0.009954361633555543,0.000838305815502417,-0.08996254849443824,-0.009936712014219801,-0.0106238215177041,-0.009142792014219801,-0.011856305049829199,-0.00804013025858705
Chile,CHL,-0.02412694186188512,0.003913116002750354,-0.2700992036906506,-0.0240063932768659,-0.0289052313710204,-0.019564214606990198,-0.033107459217473004,-0.0174492796812071
China,CHN,-2.8166373152221875,0.17016185306413786,-0.5642347943382335,-2.751862376585528,-3.0520956663948815,-2.655733900470629,-3.1756909863948817,-2.573237711269322
Ivory Coast,CIV,-0.025798807665524656,0.011752618099042352,-1.3067447464622297,-0.020141311858582353,-0.03480657484521631,-0.015268123206257492,-0.07068043640204837,-0.01089971073610382
Cameroon,CMR,-0.009563995065234967,0.0030161785031817784,-0.41086728417509105,-0.00869893432815649,-0.0129573528530569,-0.006551916699210651,-0.01714372947496261,-0.00448836432815649
Democratic Republic of the Congo,COD,-0.1528276265791608,0.03428611044276398,-1.236564079831898,-0.1476707350429962,-0.18086797163011073,-0.12386176456564586,-0.26333726374831545,-0.09970749163011076
Congo,COG,-0.005155795646581279,0.0018082384621756864,-0.7568435259476133,-0.004668334360897209,-0.007023604463668498,-0.0034842341851435013,-0.00968990835401462,-0.0024005231171373683
Cook Islands,COK,-1.6907255512321644e-05,4.856263597279785e-06,0.5058516827574063,-1.8e-05,-2.2e-05,-1.139e-05,-2.3e-05,-4.82e-06
Colombia,COL,-0.04357355259360189,0.010619054115240353,-0.8836276102293971,-0.042260068238880705,-0.05196269526796521,-0.0345986864869121,-0.0730043180393118,-0.0249686820223357
Comoros,COM,-8.31113007305013e-05,3.114285230661501e-05,-0.5355315782430689,-8e-05,-0.00012677816098304701,-5e-05,-0.00014748922,-4.4e-05
Cape Verde,CPV,-0.00014369126764462016,8.65886001425009e-06,-0.4295758678199605,-0.00014099999999999998,-0.000153,-0.00013486,-0.000169011363968265,-0.00013263
Costa Rica,CRI,-0.0031375616326156054,0.000792726027606024,-0.7471101436369313,-0.0029381340495431597,-0.00410632671277666,-0.0023735175127040497,-0.005411373177235541,-0.00186800613509747
Cuba,CUB,-0.005957326352939292,0.0015260329111781757,0.15466448855922707,-0.005986035243546591,-0.00736790348863329,-0.00458724193471864,-0.009841421934718639,-0.00238518405690099
Cyprus,CYP,-0.0018467535346572092,0.0001403889142867329,0.485959068732258,-0.0018525537619235003,-0.00197544238783462,-0.0017345937619235002,-0.00217536733326303,-0.00128545367463823
Czechia,CZE,-0.025563746772683398,0.004314172829943242,-0.127941961078356,-0.026035348422594598,-0.0287354468922826,-0.0210214265805672,-0.0374344456747678,-0.0152271024880579
Germany,DEU,-0.19835404017889485,0.01932918921167327,0.35456341274374026,-0.196357412987863,-0.217687626550109,-0.17877681915306,-0.230082948325592,-0.15360397915306
Djibouti,DJI,-0.0001271724698060114,1.5903245980085984e-05,-0.974709248621419,-0.000125479530390089,-0.00014086375649380596,-0.00011206838817282,-0.00017816511290773003,-9.584838817282e-05
Dominica,DMA,-3.6342987282669706e-05,1.5250107861937263e-05,0.8664125862847061,-4.276999999999999e-05,-4.7310000000000006e-05,-1.4460000000000007e-05,-6.467e-05,-2.320000000000005e-06
Denmark,DNK,-0.010097247861410297,0.0011909642832008756,-0.24930804603149653,-0.010165417747750465,-0.011112635471596301,-0.008752981458915173,-0.0131320654456973,-0.008003176023528631
Dominican Republic,DOM,-0.006755261722422776,0.001351910491308924,-2.3323283846551983,-0.006479352070741831,-0.00740318674112189,-0.0058209384628797305,-0.0126671247597635,-0.004866581423932449
Algeria,DZA,-0.04102911682008422,0.003624702549036799,0.2194328066458462,-0.0412023526610341,-0.04506250745925079,-0.0374074557179005,-0.0474626201732084,-0.03319037816139169
Ecuador,ECU,-0.016111158676762192,0.003950962800851101,-0.9530977389126157,-0.015398618626964,-0.0195715477948979,-0.012668838626964,-0.0287105829128565,-0.00796425854105959
Egypt,EGY,-0.06576687708086514,0.005457290936837623,-0.13019118847669253,-0.0655585291509653,-0.0711461243395726,-0.060533965818982,-0.0769858347196031,-0.0564170296672018
Eritrea,ERI,-0.0005822720829073179,0.0005540457827241677,-1.6273244105228357,-0.000378690315799255,-0.001297021366419722,-0.000203605157269396,-0.002004583542193279,-0.000118615157269396
Spain,ESP,-0.06493608851400978,0.005325497252259125,0.5734749697877881,-0.0656283839776549,-0.0701720982047689,-0.059272454796697106,-0.0742181668504205,-0.0519755455284373
Estonia,EST,-0.004310573552867721,0.0010485574997534982,0.3215489242591573,-0.00459060572931472,-0.00542141503006587,-0.0030593121507996395,-0.00599689642154222,-0.0019959596642748698
Ethiopia,ETH,-0.021648068939735345,0.03157006123914957,0.32172943804391985,-0.02308549127135653,-0.06278868480994504,0.00899165368343833,-0.07416717041331966,0.04417447519005497
Finland,FIN,-0.017794993919611358,0.003983074709335943,-1.2033656629019942,-0.0167358875982533,-0.0210527175982533,-0.0145639813100437,-0.0315255175982533,-0.01249763126637555
Fiji,FJI,-0.00026673078818070784,0.00010557944537834031,-0.13888633330189407,-0.000263541038961039,-0.0003655769525,-0.000171501038961039,-0.000566901038961039,2.5499999999999807e-06
France,FRA,-0.07754737539596597,0.011073439586344127,0.22014409114350608,-0.07741408995771415,-0.08900721085381293,-0.06600119374959915,-0.10143221592483113,-0.04770959412838975
Micronesia (Federated States of),FSM,-2.3662636178657895e-05,1.8600700007816508e-05,0.7951304156565273,-2.6358106822933102e-05,-3.9e-05,6.089999999999998e-06,-4.06781068229331e-05,8.570000000000001e-06
Gabon,GAB,-0.003014342475764012,0.0008596860240802744,-0.910719161795248,-0.002889102582598163,-0.0036305725825981627,-0.00225258917033177,-0.00538245430554348,-0.001476226482075296
United Kingdom,GBR,-0.1085037452103335,0.013374371677994636,-0.282471066024838,-0.10794392358830002,-0.122619697931342,-0.093288522967835,-0.13611745021847002,-0.08587282803002891
Georgia,GEO,-0.0012918684580929848,0.0006874520797719674,0.8281312958270673,-0.0015268547959681699,-0.00187855199793812,-0.00044448108429614,-0.0026390211522611205,0.00055678528583808
Ghana,GHA,-0.006886996876150084,0.0034953760070873816,0.24832491218452338,-0.00738856584747128,-0.010707476341578441,-0.0025104325989436706,-0.01328691584747128,0.0001199727191311499
Guinea,GIN,-0.005489110746100163,0.0011236284065775223,-0.6541623266314991,-0.0053132100000000005,-0.006659722038946163,-0.004355772038946163,-0.00895205,-0.00383093
Gambia,GMB,-0.0004498569611928955,0.00025607802477747285,-0.6695860417436887,-0.00045308,-0.00072763,-0.00019105,-0.001145827856216522,-9.454000000000001e-05
Guinea-Bissau,GNB,-0.0005572482374079475,0.00026771773646948815,0.22641753956232766,-0.00075633,-0.0008165399999999999,-0.00021911,-0.00091038,-0.00015451
Equatorial Guinea,GNQ,-0.002369671129902104,0.00047551450859921555,0.2630888283199096,-0.00238042694956883,-0.00282852677650737,-0.0019162479391135103,-0.0036772667765073703,-0.0008497158227536401
Greece,GRC,-0.01724594305052081,0.0030285812480083593,0.3949096027890416,-0.017595312040623902,-0.0200992860670412,-0.014439398526001498,-0.0243478838946484,-0.0086199769266666
Grenada,GRD,-6.999087024750383e-05,1.5770669094132543e-05,0.7909923891697939,-7.3e-05,-8.451386444614601e-05,-5.2869754648999965e-05,-9.002e-05,-2.3859999999999992e-05
Guatemala,GTM,-0.011184474970712332,0.003564981064583119,-0.21098061565154394,-0.011672462173827919,-0.013445037296384469,-0.007676275588790469,-0.02105452910730923,-0.00375277534043
Guyana,GUY,-0.0018313036801961356,0.0009050461380943428,0.19067281529720193,-0.0019109752387236971,-0.002713545238723697,-0.0007119387681927751,-0.004040978313310457,0.00025345999999999995
Honduras,HND,-0.005351064630182699,0.001572836766697563,-0.5889976362603561,-0.00500230412663755,-0.00715567412663755,-0.00395901412663755,-0.00974198802209093,-0.00279971194323144
Croatia,HRV,-0.004330450552062499,0.00048780364870341225,-0.5005870626212883,-0.004246880319323141,-0.00483980646834061,-0.0038635464683406096,-0.00580836464792576,-0.00336265446779476
Haiti,HTI,-0.0010465002108546433,0.0007315658061518972,0.012392984816322672,-0.001128555309089318,-0.0015166517561928951,-0.000379257427677772,-0.0031443408477969683,0.000606128507498558
Hungary,HUN,-0.011110604394903129,0.0014316327662384524,-0.0007747139015272247,-0.0111124858242358,-0.012716253168668102,-0.0095929304994542,-0.014178985,-0.0080135313537118
Indonesia,IDN,-0.390872614286314,0.08640889672849479,-0.9403659638399051,-0.37347441974642803,-0.46698782974265796,-0.31966246911389,-0.666932276994602,-0.250603199746428
India,IND,-0.648389522936692,0.0771418839949553,0.22032197807832668,-0.6483893896135691,-0.7230990071956631,-0.5700020596135691,-0.83147239577014,-0.44618345102799
Ireland,IRL,-0.009644605808375575,0.0020590333012030517,0.7675306605342394,-0.010302977868856198,-0.0114881013914259,-0.0064995608515713,-0.0125987513914259,-0.0053570829302425
Iran,IRN,-0.18091558572749644,0.01495893502698815,-0.32076614835816086,-0.180914867359925,-0.19940302888050002,-0.165812237578286,-0.2203377388805,-0.153297187578286
Iraq,IRQ,-0.03673485509608945,0.004338436233571933,-0.2408511233942261,-0.0359089969406693,-0.0416521040162956,-0.0318486782016756,-0.049025326695769804,-0.0299833873079384
Iceland,ISL,-0.001041614217289847,5.4072690444854935e-05,0.25187757938546984,-0.00104371913209607,-0.001096623921943232,-0.000985416462882096,-0.0011498367003275102,-0.000894416462882096
Israel,ISR,-0.01647816446332233,0.0007476344280273158,-0.07206097255794629,-0.016443890381140202,-0.0172121326510914,-0.015682631943063,-0.0182942837510914,-0.015150683234786001
Italy,ITA,-0.08916408861164639,0.006322519825843578,0.6780257663152441,-0.09034695059721999,-0.0954338113779494,-0.0827590982156859,-0.10122367146736501,-0.06944749773809611
Jamaica,JAM,-0.0020010380209239966,0.0002571602895460851,-0.09247458937540384,-0.0019933981950981897,-0.00224304110920969,-0.0017635711092096904,-0.0027612712858123504,-0.00135214628122392
Jordan,JOR,-0.00654968935125662,0.0005713552275453639,0.585844650684876,-0.006771813985741769,-0.00706146466712096,-0.00573149981284462,-0.00746833961721976,-0.0054298068024391
Japan,JPN,-0.3126708104518547,0.025259881171146845,-0.12787825635549374,-0.312518333403944,-0.33975124989690897,-0.28268000152071,-0.359830477007964,-0.27406499838949405
Kazakhstan,KAZ,-0.07983378566288134,0.010896839745304738,-0.7641057206684737,-0.0773299214949333,-0.09269017132953919,-0.0682204420623817,-0.11109340264082959,-0.06496492693797709
Kenya,KEN,-0.007077765908741678,0.003112762252819484,-0.5178643410111174,-0.00699808814272654,-0.01026238899773994,-0.00381001514572114,-0.015928642856404822,-0.0017819182509194102
Kyrgyzstan,KGZ,-0.0029932301533028764,0.0006430961459347384,-1.0488426490673093,-0.00273807397507891,-0.0038831235811857406,-0.00249684838427948,-0.00472229536026201,-0.00214314874055199
Cambodia,KHM,-0.015099816185839287,0.00525562963476618,-0.17645367586574792,-0.014651746593886461,-0.01980735909128717,-0.010855907582340788,-0.02856512040906658,0.00088463115720524
Kiribati,KIR,-1.6909308512321643e-05,1.633308643940535e-06,0.5757539657423617,-1.8e-05,-1.83783848055795e-05,-1.5e-05,-1.86973057062245e-05,-1.4e-05
Saint Kitts and Nevis,KNA,-5.890161990525137e-05,7.856670055102465e-06,0.9077655005894011,-6.27311218088958e-05,-6.500000000000001e-05,-4.723000000000001e-05,-6.900000000000001e-05,-4.072e-05
South Korea,KOR,-0.16943070609215208,0.005986641517158659,0.033250612463495685,-0.16968328875471902,-0.175089073924391,-0.16226676221237302,-0.181857074182362,-0.158252910210739
Kuwait,KWT,-0.026208148522253016,0.002873284212941306,0.8013723854267897,-0.026595899917941902,-0.0294284408175857,-0.0223490471423589,-0.0295128681795296,-0.020139471057842702
Laos,LAO,-0.01098111041474924,0.004494962050449853,-0.25904186501194,-0.01026444364096711,-0.01625246364096711,-0.00681315016842796,-0.021145403045659268,0.00010942983157204004
Lebanon,LBN,-0.006580610461027331,0.0008139217324846105,0.27554129440766534,-0.00677350233477296,-0.00726113599458998,-0.00540524384205594,-0.008799219345772002,-0.004841123842055941
Liberia,LBR,-0.005616681358861162,0.0009675913489830591,-0.3005288489697397,-0.0056756382654690905,-0.00665178126825674,-0.004519773429601841,-0.007927024593409824,-0.004088111268256739
Libya,LBY,-0.013102435820275921,0.0018235425200617333,0.08774694902977997,-0.012864393864520098,-0.0147696564073325,-0.011496785804536601,-0.016584676481954,-0.00941971645484631
Saint Lucia,LCA,-0.00012083979917409615,1.1169869918364319e-05,0.26724893228027624,-0.00012144,-0.00013191,-0.00010778610665265599,-0.00013949,-9.696000000000002e-05
Liechtenstein,LIE,-3.66686362344021e-05,4.016474436227322e-06,-1.4591857201726965,-3.596189418461e-05,-3.89763849065716e-05,-3.35054783721143e-05,-4.8790460332859104e-05,-2.9376183977870303e-05
Sri Lanka,LKA,-0.007509402156179831,0.0012634206753217284,-0.24283819838002133,-0.007317732312108791,-0.00884908596578789,-0.0064083622441448995,-0.01069886066184892,-0.00464571255329199
Lesotho,LSO,-0.0008240039515302877,0.0006722478114303997,0.021156302043117785,-0.0007175815939385009,-0.00154009,-0.0004064,-0.0024921050412818127,0.0010688100000000001
Lithuania,LTU,-0.004257542474849744,0.000775860253555565,0.45657844834548095,-0.00438486780021834,-0.00495561168122271,-0.0032984907314410504,-0.00580208073144105,-0.0024054616293668098
Luxembourg,LUX,-0.0024969625326466205,0.00024044776311868353,0.6850643058159308,-0.00256354658901944,-0.0027042902140148395,-0.00223833520854175,-0.00286699296360399,-0.00194637537415597
Latvia,LVA,-0.0027523039321466557,0.00038646381552587326,-0.2880688131579533,-0.0026897728837522,-0.0031879698166145,-0.00242662452714091,-0.0036901598166145,-0.0017114811990304299
Morocco,MAR,-0.01783098338478544,0.0030175050600411047,-0.8710104581981459,-0.0171961467087794,-0.020271040335716604,-0.015323317969432301,-0.0279708203357166,-0.0108221496569409
Moldova,MDA,-0.0009170152663606162,0.00037756416337040373,0.26711252391047413,-0.0009357532920141699,-0.0012956811353711801,-0.0004745753840270303,-0.00156292329201417,-3.68935480349298e-05
Madagascar,MDG,-0.006634836546172174,0.0029412759516955858,0.7145131132940424,-0.007626543524814793,-0.00922100307337725,-0.00235648352481479,-0.01100846983484573,-0.0005610335248147921
Maldives,MDV,-0.0004380338342759835,8.593090387674012e-05,-0.014768555766544554,-0.00045000000000000004,-0.0005402552625,-0.00034899999999999997,-0.000566686786686462,-0.000298
Mexico,MEX,-0.12817084275266527,0.007866967242052499,0.2616260759364826,-0.12850021239912102,-0.13610315989320218,-0.11981504164695199,-0.146967415242186,-0.10696562554692401
Marshall Islands,MHL,-3.9680746086175553e-05,9.72856431732166e-07,-0.5441475279958317,-4e-05,-4e-05,-3.9e-05,-4.1870624612530505e-05,-3.8e-05
North Macedonia,MKD,-0.0019201897589248794,0.000335346865249993,-0.1748300639147321,-0.00191392,-0.0022098000000000005,-0.00154739,-0.00284575514593967,-0.0012264900000000002
Mali,MLI,-0.005343227037241897,0.004804568540723715,0.188770562252614,-0.005079717097777501,-0.0102765370977775,0.0007155629224939301,-0.01108749213759353,0.002317337002137326
Malta,MLT,-0.0004706407211370087,9.438120856951751e-05,-1.163115540233259,-0.00043678811135371197,-0.000636558810043668,-0.000405141037117904,-0.000663059825327511,-0.00034156781932314403
Myanmar,MMR,-0.034720051890868735,0.007941585420853811,0.004543188895519094,-0.03533106245294111,-0.042494804612352034,-0.02553664567116693,-0.05098645461235203,-0.018684470391165782
Montenegro,MNE,-0.00015440711898925686,0.0002245805873709827,0.8239649197248377,-0.00023915999999999998,-0.0003433500000000001,6.79700000000001e-05,-0.0005261300000000001,0.00039701000000000005
Mongolia,MNG,-0.00996774008714257,0.002612247437603529,0.056215033578327404,-0.010155619746927901,-0.0123888868861399,-0.007517087932958929,-0.0154252968861399,-0.0040894503964129005
Mozambique,MOZ,-0.010116760844000997,0.006732190704178587,1.5453362471655099,-0.0119027609388509,-0.015360734677966231,-0.005153970938850901,-0.0171383809388509,0.008215726999804232
Mauritania,MRT,-0.0011657470410677399,0.0003536481778863309,-0.9853494780836449,-0.001144870384458584,-0.0014549600000000002,-0.0008202450041832131,-0.00258404939663577,-0.000556288936512202
Mauritius,MUS,-0.0011838609001886982,8.708178958100259e-05,-1.6188241623114579,-0.0011722400000000002,-0.00124014,-0.001114524078716,-0.0016303799999999999,-0.00101615
Malawi,MWI,-0.0035926149627415497,0.0015712149341003821,-0.48396831788856465,-0.0032716294849855602,-0.005811830023728936,-0.002216140023728936,-0.006961051643921492,-0.0009057700237289361
Malaysia,MYS,-0.09992198790533306,0.018313358143736504,-1.0357539206010529,-0.0950026325124084,-0.11583009419224741,-0.0829659064226592,-0.16027190251240842,-0.0724827875908047
Namibia,NAM,-0.0023831512882037517,0.000927140816596041,0.41214910779380876,-0.002694899126637554,-0.00326827008733624,-0.0010880368184542602,-0.0036708468184542603,-0.000638139126637554
Niger,NER,-0.006149405068712848,0.006666230779769048,0.4221313175638299,-0.008521983388244454,-0.01221746729584138,0.003332736611755546,-0.017340313267253337,0.0060642012518240165
Nigeria,NGA,-0.028595585125895148,0.015039096464240528,1.1210774121378173,-0.03480678850663,-0.0405703024184319,-0.008386512418431902,-0.0453890236463597,0.010306131493369997
Nicaragua,NIC,-0.006573376366778611,0.0026882268121200654,-0.6177910056371424,-0.006149293502576829,-0.01015383614667513,-0.00377415711184204,-0.013006393502576829,-0.00278384450908057
Niue,NIU,-1.9471476124801833e-06,7.316575878047234e-07,0.2849853195131795,-2e-06,-2.62e-06,-8.899999999999997e-07,-3.62e-06,-6.099999999999999e-07
Netherlands,NLD,-0.044755091663560946,0.00405845997850499,0.6821548500100869,-0.046594679514375105,-0.048695105635072004,-0.0399131146649555,-0.0496848532831209,-0.03529144774372882
Norway,NOR,-0.012822530728296937,0.0011613217194785216,-0.22602638445495757,-0.0125186347161572,-0.0141087565065502,-0.01160323623231439,-0.0152857547161572,-0.0106807945851528
Nepal,NPL,-0.005278166588264439,0.0024395442016301424,-0.0370306921855122,-0.0050334141844020205,-0.008041424033438861,-0.00270996867513896,-0.00977149418440202,-0.00099549867513896
Nauru,NRU,-1.4661882921730562e-05,8.654998866930873e-07,0.18326557770926055,-1.5e-05,-1.5441278625e-05,-1.4e-05,-1.6196158275754098e-05,-1.3e-05
New Zealand,NZL,-0.008892584965656166,0.004867340175559286,0.10648807003011539,-0.006493069976347,-0.014015777678938211,-0.00428206569628252,-0.015515579976347001,0.0004298723210617878
Oman,OMN,-0.017733126523601213,0.0010960336836257191,-0.8291936643211246,-0.017432250835860502,-0.019293723979581904,-0.016734274229727602,-0.0200197204651006,-0.016594310294751502
Pakistan,PAK,-0.05415128256702083,0.00682958341876927,0.5126247739850988,-0.05626440670019991,-0.0605183824244795,-0.0449209293805208,-0.0683990716677845,-0.0378512238649488
Panama,PAN,-0.004510336250232289,0.0003949246862737382,-0.3800951052593563,-0.00453931582541684,-0.00484307468299033,-0.0040796558254168405,-0.00581137802992133,-0.00368549982084721
Peru,PER,-0.02515125404303681,0.007418328366864653,-0.25093812796419346,-0.0254292395505336,-0.0347553895505336,-0.017050826870296,-0.0397089537707208,-0.012820788876715
Philippines,PHL,-0.04360679451156437,0.0066509535017915365,0.021465898708769648,-0.04395373344346211,-0.0495230519672757,-0.03677109886701101,-0.0605520881604214,-0.0280878492044945
Palau,PLW,-5.891652419626636e-05,1.6357290774698282e-06,-0.16227235656045652,-5.800000000000001e-05,-6.0509235990682196e-05,-5.76889875e-05,-6.2e-05,-5.6e-05
Papua New Guinea,PNG,-0.011577131013439771,0.0026162635673097883,-2.0046889374037105,-0.01094420469891761,-0.012998396888169669,-0.00953299808669858,-0.021034177675591292,-0.0075895668881696705
Poland,POL,-0.07970284216323319,0.006647473138778508,0.309452431162776,-0.0805122023667345,-0.0866573213456057,-0.072735110892609,-0.09155671355851791,-0.06275015862368599
North Korea,PRK,-0.010847315666830785,0.003199964748280014,0.2974150522447046,-0.011706493468156,-0.014148343468156,-0.006933075665022411,-0.015725415064430003,-0.005048346231449631
Portugal,PRT,-0.012824114009769159,0.001662759308060855,-0.08125166857278479,-0.012924798030285099,-0.0143064757721673,-0.011108885294382202,-0.017431573041372498,-0.0096396117265091
Paraguay,PRY,-0.016658732170178027,0.008066859109804491,0.06364661440843074,-0.01679613118789095,-0.02553373170306293,-0.0065095247886022105,-0.030349664034646333,-0.00483509217248908
Palestine,PSE,-0.0008842318270733071,0.00010121889722523635,0.31329813369023873,-0.000892,-0.000992458798136796,-0.0007981300000000001,-0.001140150505,-0.00064697
Qatar,QAT,-0.02578466602240883,0.002030154737212888,0.3017178592269873,-0.0255675042244846,-0.0279807197853155,-0.023400943302347498,-0.02857371933623,-0.022181016351999202
Romania,ROU,-0.018715993566789747,0.0020267327501101904,0.8376342645513783,-0.0192930228339911,-0.0203785722331185,-0.0168714065290985,-0.022195500947776798,-0.013033226642065101
Russia,RUS,-0.5158224991532538,0.07755350354979837,-0.2471389166364288,-0.500683750344881,-0.60469521213887,-0.43056541213887,-0.68915126213887,-0.384369830317428
Rwanda,RWA,-0.0006769287968460295,0.0003441529967872619,-0.41470118873883244,-0.000702194986757167,-0.0009811945997687311,-0.000304604681972872,-0.001686400587802602,-0.00013481299269861002
Saudi Arabia,SAU,-0.17681681436936483,0.013028053504315797,0.8950413830471204,-0.180325185638376,-0.189281567455284,-0.16566740215947498,-0.19354744976194801,-0.14655663342421502
Sudan,SDN,-0.01643060683392491,0.0035463972568240258,-0.20787766636124488,-0.01660247118964283,-0.020180953087157102,-0.01260739688455062,-0.025349423991359817,-0.00925376249205144
Senegal,SEN,-0.003770488814680792,0.0011804350291788016,-0.9601111009797454,-0.0037211909306845404,-0.0046021716218324306,-0.0026794456743961803,-0.008041540930684541,-0.00114601567439618
Singapore,SGP,-0.013600776828935244,0.0022821585180951426,0.5876972946091803,-0.01431307,-0.015360040941717,-0.01097346,-0.016992069999999998,-0.00919944
Solomon Islands,SLB,-0.0008609304779688659,0.0006602691539754568,-0.6826505369301864,-0.00067254,-0.0015903500000000001,-0.00012869999999999998,-0.0025304200000000002,-8.045e-05
Sierra Leone,SLE,-0.0030165441783353364,0.0008293346848694859,-0.3234547562580349,-0.003021041449275362,-0.00380796,-0.00212882,-0.0051062847631535785,-0.00159514
El Salvador,SLV,-0.001419029017791866,0.0005895538034545507,0.3339098692950923,-0.00154978836289482,-0.0019874123109063302,-0.0007635887809644701,-0.0024876328312107296,-5.3395028175150065e-05
Somaliland,SOM,-0.00339017697648126,0.0019581032250628795,0.7981275070538347,-0.0039850403758858255,-0.00510474,-0.00011556,-0.0061820600000000005,-6.0960375885825e-05
Serbia,SRB,-0.009597359307545753,0.0016820836083466485,1.1089921828234983,-0.010433916947244598,-0.0109407891798963,-0.007695926947244598,-0.0113975274362323,-0.0040295446902686004
South Sudan,SSD,-0.002355452560211393,0.0016289306003100204,-0.6138261947621299,-0.0018472700000000002,-0.0032855200000000005,-0.00139474,-0.00693439,0.0026872300000000005
Sao Tome and Principe,STP,-4.991139807086081e-05,2.0584251877907994e-05,-2.9073560914811574,-4.559e-05,-5.6620000000000003e-05,-3.807e-05,-0.0001536781824993289,-2.188e-05
Suriname,SUR,-0.0015097681846551647,0.0002677268238920609,0.012721193272471898,-0.00151049249818653,-0.0018010533888207251,-0.001225098486889412,-0.002043356571933429,-0.000878348580855452
Slovakia,SVK,-0.010467872920014793,0.006037548513870124,-1.8461223770442086,-0.00909485010669897,-0.010880280106698972,-0.007830230106698971,-0.03173028850588351,0.0015214102415527318
Slovenia,SVN,-0.004546432864358898,0.0006918925565196449,-0.5986626693817925,-0.00441916072871179,-0.00538152519377729,-0.0038994449808952,-0.00619859257914847,-0.00348146964519651
Sweden,SWE,-0.013909324570669176,0.0029805945405490695,-0.3899046805955144,-0.013341081174416599,-0.0177685912034962,-0.0109386511744166,-0.0198775742078845,-0.008647262083198302
Eswatini,SWZ,-0.0002626730004539699,9.353949968200186e-05,-0.6063079571622154,-0.00024191000000000002,-0.00036199,-0.00018295999999999997,-0.00054818,-9.111000000000001e-05
Seychelles,SYC,-0.00014979637823485216,1.7767370304705005e-05,0.9260062612297523,-0.000157,-0.00016600000000000002,-0.000125,-0.000167529661875,-0.00011300000000000001
Syria,SYR,-0.007426990341407197,0.0007437722488202324,-0.7871439018815053,-0.007159029841377281,-0.00831816914485296,-0.00675815208762669,-0.009146603261605971,-0.006383445420540041
Chad,TCD,-0.00708497509407374,0.00412475082560876,-0.11181854426216954,-0.006860671976917758,-0.012475527525229086,-0.002364001984894516,-0.01340917313897027,-0.001205761288800216
Togo,TGO,-0.0009311800122791401,0.0005473804166926556,-1.2064098519428064,-0.000712588474897844,-0.0014372852094784111,-0.00047407151043847605,-0.002697105209478411,-0.000130683689956332
Thailand,THA,-0.08462706058033957,0.005453370143881009,0.2545899513981571,-0.0854801713782199,-0.089988631561144,-0.07832198872703891,-0.09716142816449401,-0.0713056030545319
Tajikistan,TJK,-0.0024402192432187134,0.0007227116515844733,0.2743785625775851,-0.0024824394854756,-0.00328179336418048,-0.00167910188465398,-0.0037039503300018897,-0.000775455952181464
Turkmenistan,TKM,-0.017318575886766312,0.0010574427149857353,-0.9484598475680125,-0.0167982463092631,-0.0187597204063981,-0.0165208063092631,-0.020171026575393502,-0.0159494118554536
East Timor,TLS,-0.000720715024109517,0.00035348447529168014,0.013527521208283667,-0.000792102401622448,-0.00108449771950748,-0.00027549934254356704,-0.00136323771950748,-0.00011854286902941491
Tonga,TON,-4.9927645312004575e-05,1.2140237936060546e-05,-0.25590960182214545,-5.039e-05,-6.254000000000001e-05,-3.7e-05,-7.94869602950682e-05,-3.1e-05
Trinidad and Tobago,TTO,-0.010941845613909009,0.0010636987376295398,-0.19092267890729256,-0.0108331105886647,-0.0122802949779079,-0.009767523467830542,-0.0126854603479477,-0.00929679377576338
Tunisia,TUN,-0.008219399298351795,0.0004686976117962838,0.3110670927331914,-0.008265310103176242,-0.00869590874397009,-0.00776887238358271,-0.00941009209305237,-0.00696413127042836
Turkey,TUR,-0.10683134123070845,0.009582601282892364,0.3116171123761563,-0.10813779141093499,-0.115735551393733,-0.096511761695463,-0.128619964868336,-0.0837831191496085
Tuvalu,TUV,-3.017951418720273e-06,3.7801491209405043e-08,-1.844756276977015,-3e-06,-3.06306413426324e-06,-3e-06,-3.11621761770409e-06,-3e-06
Tanzania,TZA,-0.03550480481602908,0.02060986297451423,-0.810391300624472,-0.03041186771892626,-0.06753033497806109,-0.01587022755593264,-0.07620481611227654,-0.010225571353411261
All Countries,Total,-10.662409367952742,0.37423081735129843,-0.045622161396283556,-10.656890847294108,-10.99289897762658,-10.341605799996485,-11.526311130024917,-9.845857617047592
Uganda,UGA,-0.004628251956567703,0.0024230689717133986,-0.110872191741468,-0.0049902080376637604,-0.00730788216312342,-0.0018908078372945598,-0.00908194216312342,-0.0013206880376637601
Ukraine,UKR,-0.06223457975592829,0.010537498413049727,0.3201837320302039,-0.0626183910485225,-0.0708624750141333,-0.05705347104852251,-0.0860107269259342,-0.0344334413317043
Uruguay,URY,-0.002582926461168837,0.0017542806327502233,-0.5261842542391477,-0.00248306407033416,-0.00421172597352492,-0.0007890716831879098,-0.007136303266696089,0.00024172498136986994
United States of America,USA,-1.420821079339508,0.07950527804652127,0.6840997839323987,-1.43211952569772,-1.4976531706732301,-1.3385799956977198,-1.5677609152337,-1.15884885848672
Uzbekistan,UZB,-0.029685307120906015,0.002320196073843656,-0.8298311016603249,-0.0291238181869243,-0.0326018639733005,-0.0275771287298208,-0.0363622960752638,-0.0258976902821535
Saint Vincent and the Grenadines,VCT,-6.068967257910373e-05,1.2166367537734405e-05,-3.479359167398949,-6.05530272365641e-05,-6.54e-05,-5.3360000000000004e-05,-0.00013144000000000003,-4.065e-05
Venezuela,VEN,-0.03581779166136991,0.014237658285228192,-0.14047229781920523,-0.0359097610366003,-0.051398572127176995,-0.019507887973142003,-0.068136092127177,-0.0124564280163029
Vietnam,VNM,-0.09943631103493729,0.027159156180600486,-0.6209454099464422,-0.09705449980829679,-0.12263684954687849,-0.0724772115422201,-0.19512408316414992,-0.045258304180262596
Vanuatu,VUT,-1.5372005343205033e-05,0.00013963023422338837,1.1712011027179263,-6.2e-05,-0.00011654,9.47e-05,-0.000263490656324575,0.00034471999999999997
Samoa,WSM,-0.00014171850005961653,0.00011744454787820138,-1.6989099184124505,-8.541000000000001e-05,-0.00020827,-5.927836486643219e-05,-0.00052217,-6.339999999999997e-06
Yemen,YEM,-0.003517740515565353,0.0016004229799123808,-1.3954025655591722,-0.0027847437996601,-0.00649903552652364,-0.0024659355585229903,-0.00703481100338571,-0.0019668279036780902
South Africa,ZAF,-0.12049909828108536,0.006064560962492936,0.4761339912005692,-0.121139312964855,-0.126797646693001,-0.114962276809726,-0.132100681542554,-0.10535910997087901
Zambia,ZMB,-0.016082738989050924,0.0034506099641412715,-0.89152506897348,-0.01533721693048873,-0.01874686185937982,-0.01262043185937982,-0.025299521859379823,-0.011361483695753271
Zimbabwe,ZWE,-0.004602497586016472,0.0018906382647053844,0.3834230174503582,-0.00481940161097722,-0.006487838562401321,-0.0020299916109772203,-0.0079930928164689,-0.0005763187450862201
