iso,country,year,EFOS
AFG,Afghanistan,2013,-0.0025247025109170302
AFG,Afghanistan,2014,-0.0025028136919793
AFG,Afghanistan,2015,-0.00267224153930131
AFG,Afghanistan,2016,-0.00247478120738994
AFG,Afghanistan,2017,-0.00269322298034935
AFG,Afghanistan,2018,-0.00295252407723201
AFG,Afghanistan,2019,-0.0030244599136697204
AFG,Afghanistan,2020,-0.00324455946180832
AFG,Afghanistan,2021,-0.00298986128871437
AFG,Afghanistan,2022,-0.0031210450198039
AGO,Angola,2013,-0.00539555925858848
AGO,Angola,2014,-0.00497115023415707
AGO,Angola,2015,-0.004959312989688051
AGO,Angola,2016,-0.00428554388895248
AGO,Angola,2017,-0.00422474503282717
AGO,Angola,2018,-0.00441823733324229
AGO,Angola,2019,-0.00405441238204539
AGO,Angola,2020,-0.0036189238341081003
AGO,Angola,2021,-0.00416606366208439
AGO,Angola,2022,-0.00447731885115374
ALB,Albania,2013,-0.00144302407899203
ALB,Albania,2014,-0.00163430381071933
ALB,Albania,2015,-0.00127641168314593
ALB,Albania,2016,-0.0012533138310350201
ALB,Albania,2017,-0.00143622140582919
ALB,Albania,2018,-0.00133218010232531
ALB,Albania,2019,-0.00131617754078177
ALB,Albania,2020,-0.0013697405488008701
ALB,Albania,2021,-0.00132468731414686
ALB,Albania,2022,-0.0013524200561860799
AND,Andorra,2013,-0.00013000000000000002
AND,Andorra,2014,-0.000126
AND,Andorra,2015,-0.000127
AND,Andorra,2016,-0.000128
AND,Andorra,2017,-0.000127
AND,Andorra,2018,-0.000135
AND,Andorra,2019,-0.000132
AND,Andorra,2020,-0.000102
AND,Andorra,2021,-0.000111234474
AND,Andorra,2022,-0.000115340192831642
ARE,United Arab Emirates,2013,-0.0575889684480477
ARE,United Arab Emirates,2014,-0.0568345849490616
ARE,United Arab Emirates,2015,-0.0611036429278969
ARE,United Arab Emirates,2016,-0.0614463848049493
ARE,United Arab Emirates,2017,-0.057609744257253806
ARE,United Arab Emirates,2018,-0.056612341008371606
ARE,United Arab Emirates,2019,-0.0595209780474447
ARE,United Arab Emirates,2020,-0.058838748957854105
ARE,United Arab Emirates,2021,-0.0588991600301383
ARE,United Arab Emirates,2022,-0.0614190258419975
ARG,Argentina,2013,-0.0513776584156332
ARG,Argentina,2014,-0.0510397538545816
ARG,Argentina,2015,-0.0519998759584158
ARG,Argentina,2016,-0.0516048163623858
ARG,Argentina,2017,-0.050747821995226
ARG,Argentina,2018,-0.0489197340515113
ARG,Argentina,2019,-0.04823764874840181
ARG,Argentina,2020,-0.045004094553348306
ARG,Argentina,2021,-0.0512688548565162
ARG,Argentina,2022,-0.0546132127949192
ARM,Armenia,2013,-0.0015106451965065499
ARM,Armenia,2014,-0.00152950673096627
ARM,Armenia,2015,-0.00149271925458088
ARM,Armenia,2016,-0.00142003639553552
ARM,Armenia,2017,-0.0015120504770241802
ARM,Armenia,2018,-0.0015900070908959202
ARM,Armenia,2019,-0.00171509558739833
ARM,Armenia,2020,-0.00185467431032758
ARM,Armenia,2021,-0.00204883883422811
ARM,Armenia,2022,-0.00197884670056208
ATG,Antigua and Barbuda,2013,-0.000152
ATG,Antigua and Barbuda,2014,-0.000155
ATG,Antigua and Barbuda,2015,-0.00015900000000000002
ATG,Antigua and Barbuda,2016,-0.000163
ATG,Antigua and Barbuda,2017,-0.000165
ATG,Antigua and Barbuda,2018,-0.00016800000000000002
ATG,Antigua and Barbuda,2019,-0.000175
ATG,Antigua and Barbuda,2020,-0.00016900000000000002
ATG,Antigua and Barbuda,2021,-0.00017433022500000002
ATG,Antigua and Barbuda,2022,-0.000173137896192552
AUS,Australia,2013,-0.108915805392928
AUS,Australia,2014,-0.107185831933329
AUS,Australia,2015,-0.10957877281009899
AUS,Australia,2016,-0.11200548091819
AUS,Australia,2017,-0.11294150963650701
AUS,Australia,2018,-0.113425537523178
AUS,Australia,2019,-0.113474291053437
AUS,Australia,2020,-0.10894757330761501
AUS,Australia,2021,-0.106173454555487
AUS,Australia,2022,-0.104902332638081
AUT,Austria,2013,-0.0184952998463481
AUT,Austria,2014,-0.0175125074286842
AUT,Austria,2015,-0.0181106607545516
AUT,Austria,2016,-0.0183453281077458
AUT,Austria,2017,-0.0189952184428831
AUT,Austria,2018,-0.0181664007257912
AUT,Austria,2019,-0.0185442127302592
AUT,Austria,2020,-0.0169693568505466
AUT,Austria,2021,-0.017946907337159
AUT,Austria,2022,-0.016781962703010203
AZE,Azerbaijan,2013,-0.00893421099771828
AZE,Azerbaijan,2014,-0.00921548436343954
AZE,Azerbaijan,2015,-0.00936718623645843
AZE,Azerbaijan,2016,-0.00938228383399815
AZE,Azerbaijan,2017,-0.00936760388529207
AZE,Azerbaijan,2018,-0.009335667212759599
AZE,Azerbaijan,2019,-0.0101854744062189
AZE,Azerbaijan,2020,-0.009796789977056611
AZE,Azerbaijan,2021,-0.0104864452535707
AZE,Azerbaijan,2022,-0.0110083232043441
BDI,Burundi,2013,-9.800000000000001e-05
BDI,Burundi,2014,-9.5e-05
BDI,Burundi,2015,-9.7e-05
BDI,Burundi,2016,-0.00011700000000000001
BDI,Burundi,2017,-0.00014000000000000001
BDI,Burundi,2018,-0.000176058510638298
BDI,Burundi,2019,-0.00018800000000000002
BDI,Burundi,2020,-0.000200809424382627
BDI,Burundi,2021,-0.00021830363340627303
BDI,Burundi,2022,-0.00019788074867783202
BEL,Belgium,2013,-0.028046275365976002
BEL,Belgium,2014,-0.0264829673863795
BEL,Belgium,2015,-0.0276405625714529
BEL,Belgium,2016,-0.0272220408014361
BEL,Belgium,2017,-0.0270720617120207
BEL,Belgium,2018,-0.0273358556221758
BEL,Belgium,2019,-0.027206383038840102
BEL,Belgium,2020,-0.0248985457397821
BEL,Belgium,2021,-0.025896860645915402
BEL,Belgium,2022,-0.0242909545847085
BEN,Benin,2013,-0.00124617217716781
BEN,Benin,2014,-0.0013089519650655
BEN,Benin,2015,-0.00145438758973621
BEN,Benin,2016,-0.00177238381273174
BEN,Benin,2017,-0.0018570281234325202
BEN,Benin,2018,-0.00202906566829741
BEN,Benin,2019,-0.00194217879464427
BEN,Benin,2020,-0.00211383456806898
BEN,Benin,2021,-0.0023846632761645903
BEN,Benin,2022,-0.00239142174168883
BFA,Burkina Faso,2013,-0.0007816157699098881
BFA,Burkina Faso,2014,-0.000794620003335741
BFA,Burkina Faso,2015,-0.00101391514180071
BFA,Burkina Faso,2016,-0.00106549877296271
BFA,Burkina Faso,2017,-0.0012333622977775001
BFA,Burkina Faso,2018,-0.0013673771890120201
BFA,Burkina Faso,2019,-0.00150314242095061
BFA,Burkina Faso,2020,-0.00141677867124075
BFA,Burkina Faso,2021,-0.00164355872122371
BFA,Burkina Faso,2022,-0.00165680529307624
BGD,Bangladesh,2013,-0.0168618129892153
BGD,Bangladesh,2014,-0.0180072785363768
BGD,Bangladesh,2015,-0.019950943350794902
BGD,Bangladesh,2016,-0.020790672860636298
BGD,Bangladesh,2017,-0.0220331899106151
BGD,Bangladesh,2018,-0.022526407365921798
BGD,Bangladesh,2019,-0.0275014388198463
BGD,Bangladesh,2020,-0.0255422129319901
BGD,Bangladesh,2021,-0.029551661588803298
BGD,Bangladesh,2022,-0.0312252069599095
BGR,Bulgaria,2013,-0.0116610875354804
BGR,Bulgaria,2014,-0.012350298736353701
BGR,Bulgaria,2015,-0.0131560691157205
BGR,Bulgaria,2016,-0.012396101525655
BGR,Bulgaria,2017,-0.0129695785152838
BGR,Bulgaria,2018,-0.011893272691048002
BGR,Bulgaria,2019,-0.0115358795742358
BGR,Bulgaria,2020,-0.010001157789301302
BGR,Bulgaria,2021,-0.0115788993613537
BGR,Bulgaria,2022,-0.0128221214024352
BHR,Bahrain,2013,-0.00846061206062553
BHR,Bahrain,2014,-0.008410941538066392
BHR,Bahrain,2015,-0.008838109510590391
BHR,Bahrain,2016,-0.008561550044549261
BHR,Bahrain,2017,-0.008894097918870261
BHR,Bahrain,2018,-0.00886856614925414
BHR,Bahrain,2019,-0.0101699336860394
BHR,Bahrain,2020,-0.010085267837857799
BHR,Bahrain,2021,-0.0102145798291861
BHR,Bahrain,2022,-0.0101181219932545
BHS,Bahamas,2013,-0.000554
BHS,Bahamas,2014,-0.000583
BHS,Bahamas,2015,-0.000613
BHS,Bahamas,2016,-0.000603
BHS,Bahamas,2017,-0.0006850000000000001
BHS,Bahamas,2018,-0.000661
BHS,Bahamas,2019,-0.00067
BHS,Bahamas,2020,-0.000596
BHS,Bahamas,2021,-0.000681543556581957
BHS,Bahamas,2022,-0.000676924383815839
BIH,Bosnia and Herzegovina,2013,-0.00595006801104658
BIH,Bosnia and Herzegovina,2014,-0.0052706838200443605
BIH,Bosnia and Herzegovina,2015,-0.00503834348404267
BIH,Bosnia and Herzegovina,2016,-0.00593078820554442
BIH,Bosnia and Herzegovina,2017,-0.006046990805048061
BIH,Bosnia and Herzegovina,2018,-0.00602484598211113
BIH,Bosnia and Herzegovina,2019,-0.005679688152550441
BIH,Bosnia and Herzegovina,2020,-0.00568553807305947
BIH,Bosnia and Herzegovina,2021,-0.00555112550863681
BIH,Bosnia and Herzegovina,2022,-0.00546449964055778
BLR,Belarus,2013,-0.017501516411098098
BLR,Belarus,2014,-0.017371417491370403
BLR,Belarus,2015,-0.016047737845892703
BLR,Belarus,2016,-0.0158663982241854
BLR,Belarus,2017,-0.0162068375219323
BLR,Belarus,2018,-0.0169642282877772
BLR,Belarus,2019,-0.0169476920683875
BLR,Belarus,2020,-0.0161177813683998
BLR,Belarus,2021,-0.0166316039611922
BLR,Belarus,2022,-0.0162075226875098
BLZ,Belize,2013,-0.00012
BLZ,Belize,2014,-0.000128
BLZ,Belize,2015,-0.000175
BLZ,Belize,2016,-0.000171
BLZ,Belize,2017,-0.00016800000000000002
BLZ,Belize,2018,-0.000165
BLZ,Belize,2019,-0.000193
BLZ,Belize,2020,-0.00016700039403287802
BLZ,Belize,2021,-0.000166837762937248
BLZ,Belize,2022,-0.000176128415465315
BOL,Bolivia,2013,-0.00482624809844107
BOL,Bolivia,2014,-0.00540214509963298
BOL,Bolivia,2015,-0.00540027370742797
BOL,Bolivia,2016,-0.00578051601186907
BOL,Bolivia,2017,-0.00603755618465261
BOL,Bolivia,2018,-0.006127312365444741
BOL,Bolivia,2019,-0.00615468892931428
BOL,Bolivia,2020,-0.00497714199375351
BOL,Bolivia,2021,-0.0059437178181447
BOL,Bolivia,2022,-0.00619440571307793
BRA,Brazil,2013,-0.14531058951965098
BRA,Brazil,2014,-0.15226555676855902
BRA,Brazil,2015,-0.144474072052402
BRA,Brazil,2016,-0.13448362445414802
BRA,Brazil,2017,-0.135989744870496
BRA,Brazil,2018,-0.130561986695117
BRA,Brazil,2019,-0.12920027446096502
BRA,Brazil,2020,-0.121508758423853
BRA,Brazil,2021,-0.135921634633926
BRA,Brazil,2022,-0.132052558698513
BRB,Barbados,2013,-0.000497294013710339
BRB,Barbados,2014,-0.00046125973951679003
BRB,Barbados,2015,-0.00046025973951679
BRB,Barbados,2016,-0.00046225973951679
BRB,Barbados,2017,-0.00044885282766599
BRB,Barbados,2018,-0.00045185307959482005
BRB,Barbados,2019,-0.00045488960927518503
BRB,Barbados,2020,-0.000336667206956389
BRB,Barbados,2021,-0.000349135942310216
BRB,Barbados,2022,-0.000337488913950003
BRN,Brunei,2013,-0.00198709434683198
BRN,Brunei,2014,-0.00230910120532814
BRN,Brunei,2015,-0.0017841082735309
BRN,Brunei,2016,-0.0019500100835424302
BRN,Brunei,2017,-0.00238815277084081
BRN,Brunei,2018,-0.00243803239389046
BRN,Brunei,2019,-0.00277208936887059
BRN,Brunei,2020,-0.00295207800260679
BRN,Brunei,2021,-0.0029243450525180997
BRN,Brunei,2022,-0.00287603602054567
BTN,Bhutan,2013,-0.00025060083070685
BTN,Bhutan,2014,-0.00028062844031954
BTN,Bhutan,2015,-0.000288347662852712
BTN,Bhutan,2016,-0.000344264759376989
BTN,Bhutan,2017,-0.000366132792780829
BTN,Bhutan,2018,-0.00040331242895549804
BTN,Bhutan,2019,-0.000398096424560168
BTN,Bhutan,2020,-0.000251370746724891
BTN,Bhutan,2021,-0.000281202598867262
BTN,Bhutan,2022,-0.000288657498696616
BWA,Botswana,2013,-0.00154559351129077
BWA,Botswana,2014,-0.00186958635248148
BWA,Botswana,2015,-0.00147958770292037
BWA,Botswana,2016,-0.00173258750588402
BWA,Botswana,2017,-0.00193158635248148
BWA,Botswana,2018,-0.0020481057568321
BWA,Botswana,2019,-0.001851
BWA,Botswana,2020,-0.0015149999999999999
BWA,Botswana,2021,-0.00163873423022913
BWA,Botswana,2022,-0.00179374572923658
CAF,Central African Republic,2013,-3.2e-05
CAF,Central African Republic,2014,-3.4000000000000007e-05
CAF,Central African Republic,2015,-4.9000000000000005e-05
CAF,Central African Republic,2016,-5.4e-05
CAF,Central African Republic,2017,-5.9e-05
CAF,Central African Republic,2018,-6e-05
CAF,Central African Republic,2019,-6.2e-05
CAF,Central African Republic,2020,-6.500000000000001e-05
CAF,Central African Republic,2021,-6.6531825e-05
CAF,Central African Republic,2022,-7.62412294655167e-05
CAN,Canada,2013,-0.155254857807768
CAN,Canada,2014,-0.154603945908064
CAN,Canada,2015,-0.15437884293704202
CAN,Canada,2016,-0.152530471197036
CAN,Canada,2017,-0.155459330926388
CAN,Canada,2018,-0.158045536016823
CAN,Canada,2019,-0.158849611580535
CAN,Canada,2020,-0.143717693657372
CAN,Canada,2021,-0.147464964673734
CAN,Canada,2022,-0.15027609533424002
CHE,Switzerland,2013,-0.0117825950498292
CHE,Switzerland,2014,-0.010704437336277201
CHE,Switzerland,2015,-0.010567404337248799
CHE,Switzerland,2016,-0.0106910715177041
CHE,Switzerland,2017,-0.0104161565674043
CHE,Switzerland,2018,-0.0100597820142198
CHE,Switzerland,2019,-0.010022050872763099
CHE,Switzerland,2020,-0.00934176573163717
CHE,Switzerland,2021,-0.009765238835824511
CHE,Switzerland,2022,-0.00895712025858705
CHL,Chile,2013,-0.0222953049833308
CHL,Chile,2014,-0.0211588996812071
CHL,Chile,2015,-0.0222960113710204
CHL,Chile,2016,-0.022966786106164802
CHL,Chile,2017,-0.0229477335153205
CHL,Chile,2018,-0.0230213512923676
CHL,Chile,2019,-0.025090389217473
CHL,Chile,2020,-0.0218751003887697
CHL,Chile,2021,-0.0231476232768659
CHL,Chile,2022,-0.0231935146069902
CHN,China,2013,-2.728723678702019
CHN,China,2014,-2.7383158565855283
CHN,China,2015,-2.702998820470629
CHN,China,2016,-2.675988211269322
CHN,China,2017,-2.7423027843433103
CHN,China,2018,-2.8311853548827286
CHN,China,2019,-2.9348823547747793
CHN,China,2020,-2.984476286931253
CHN,China,2021,-3.1511705663948817
CHN,China,2022,-3.120880957597013
CIV,Ivory Coast,2013,-0.00260004185858235
CIV,Ivory Coast,2014,-0.00265804484521631
CIV,Ivory Coast,2015,-0.0025670407361038203
CIV,Ivory Coast,2016,-0.00322094320625749
CIV,Ivory Coast,2017,-0.0032370386291474297
CIV,Ivory Coast,2018,-0.0027988960605248997
CIV,Ivory Coast,2019,-0.0028500252951172704
CIV,Ivory Coast,2020,-0.00298218208229524
CIV,Ivory Coast,2021,-0.0032396764020483602
CIV,Ivory Coast,2022,-0.0032072715765939603
CMR,Cameroon,2013,-0.00171615432815649
CMR,Cameroon,2014,-0.00193394436883196
CMR,Cameroon,2015,-0.00213325669921065
CMR,Cameroon,2016,-0.00216913326008062
CMR,Cameroon,2017,-0.0020792728530569
CMR,Cameroon,2018,-0.0020846987047445
CMR,Cameroon,2019,-0.00208253984586752
CMR,Cameroon,2020,-0.0021870914478233
CMR,Cameroon,2021,-0.0022281883273512003
CMR,Cameroon,2022,-0.00240446947496261
COD,Democratic Republic of the Congo,2013,-0.000969024565645867
COD,Democratic Republic of the Congo,2014,-0.0012687137483154301
COD,Democratic Republic of the Congo,2015,-0.000785510793724802
COD,Democratic Republic of the Congo,2016,-0.000590591630110755
COD,Democratic Republic of the Congo,2017,-0.0007506860085705321
COD,Democratic Republic of the Congo,2018,-0.000839600666926362
COD,Democratic Republic of the Congo,2019,-0.000877418866662097
COD,Democratic Republic of the Congo,2020,-0.000892957303763242
COD,Democratic Republic of the Congo,2021,-0.00106900947863884
COD,Democratic Republic of the Congo,2022,-0.0011740050429961799
COG,Congo,2013,-0.0008762911195904521
COG,Congo,2014,-0.0008473531171373681
COG,Congo,2015,-0.0009347142581259201
COG,Congo,2016,-0.0009890441851435011
COG,Congo,2017,-0.000959744463668498
COG,Congo,2018,-0.0009749178583953991
COG,Congo,2019,-0.0011311299767522
COG,Congo,2020,-0.00110031117873329
COG,Congo,2021,-0.00125453490166121
COG,Congo,2022,-0.00131013835401462
COK,Cook Islands,2013,-2.3e-05
COK,Cook Islands,2014,-2.2e-05
COK,Cook Islands,2015,-2.2e-05
COK,Cook Islands,2016,-2e-05
COK,Cook Islands,2017,-2.2e-05
COK,Cook Islands,2018,-2.2e-05
COK,Cook Islands,2019,-2.3e-05
COK,Cook Islands,2020,-1.8e-05
COK,Cook Islands,2021,-1.83783848055795e-05
COK,Cook Islands,2022,-1.86973057062245e-05
COL,Colombia,2013,-0.023592768128442198
COL,Colombia,2014,-0.0263806733031111
COL,Colombia,2015,-0.025991539723862003
COL,Colombia,2016,-0.026904335267965204
COL,Colombia,2017,-0.0249024282388807
COL,Colombia,2018,-0.023490192022335703
COL,Colombia,2019,-0.0255173264869121
COL,Colombia,2020,-0.0242901754616274
COL,Colombia,2021,-0.0256619996125905
COL,Colombia,2022,-0.0271939480393118
COM,Comoros,2013,-5e-05
COM,Comoros,2014,-4.4e-05
COM,Comoros,2015,-4.9000000000000005e-05
COM,Comoros,2016,-5.9e-05
COM,Comoros,2017,-7.3e-05
COM,Comoros,2018,-8e-05
COM,Comoros,2019,-8.5e-05
COM,Comoros,2020,-0.000104
COM,Comoros,2021,-0.00013676922
COM,Comoros,2022,-0.00012677816098304701
CPV,Cape Verde,2013,-0.000135
CPV,Cape Verde,2014,-0.000133
CPV,Cape Verde,2015,-0.000134
CPV,Cape Verde,2016,-0.000135
CPV,Cape Verde,2017,-0.00013900000000000002
CPV,Cape Verde,2018,-0.000147
CPV,Cape Verde,2019,-0.000153
CPV,Cape Verde,2020,-0.00014099999999999998
CPV,Cape Verde,2021,-0.00015005031974999998
CPV,Cape Verde,2022,-0.000156251363968265
CRI,Costa Rica,2013,-0.00208283751270405
CRI,Costa Rica,2014,-0.00211471317144671
CRI,Costa Rica,2015,-0.00202129404954316
CRI,Costa Rica,2016,-0.00214408671277666
CRI,Costa Rica,2017,-0.0021913231772355403
CRI,Costa Rica,2018,-0.0021867837664924
CRI,Costa Rica,2019,-0.00210108671277666
CRI,Costa Rica,2020,-0.00184584613509747
CRI,Costa Rica,2021,-0.0021333737626768098
CRI,Costa Rica,2022,-0.00218199195589948
CUB,Cuba,2013,-0.00764850348863329
CUB,Cuba,2014,-0.00748961421469097
CUB,Cuba,2015,-0.00800075193471864
CUB,Cuba,2016,-0.00766642844539533
CUB,Cuba,2017,-0.00680681348701125
CUB,Cuba,2018,-0.0063063552435465905
CUB,Cuba,2019,-0.00616484994527762
CUB,Cuba,2020,-0.00579869405690099
CUB,Cuba,2021,-0.00616460355014636
CUB,Cuba,2022,-0.00610944154098995
CYP,Cyprus,2013,-0.0017969036746382301
CYP,Cyprus,2014,-0.0018974056352515502
CYP,Cyprus,2015,-0.0019030715072462
CYP,Cyprus,2016,-0.00201282045825213
CYP,Cyprus,2017,-0.00204832733326303
CYP,Cyprus,2018,-0.0019986263502907
CYP,Cyprus,2019,-0.00200442238783462
CYP,Cyprus,2020,-0.00191456282335177
CYP,Cyprus,2021,-0.0019569837619235002
CYP,Cyprus,2022,-0.0019643896102565298
CZE,Czechia,2013,-0.029127316580567202
CZE,Czechia,2014,-0.0284514301981731
CZE,Czechia,2015,-0.0286574568922826
CZE,Czechia,2016,-0.0291070971958702
CZE,Czechia,2017,-0.0294066156747678
CZE,Czechia,2018,-0.0290217099464246
CZE,Czechia,2019,-0.0275679091526594
CZE,Czechia,2020,-0.0250201324880579
CZE,Czechia,2021,-0.026376958695685
CZE,Czechia,2022,-0.025957358422594598
DEU,Germany,2013,-0.227004048325592
DEU,Germany,2014,-0.216315160111605
DEU,Germany,2015,-0.218571095412219
DEU,Germany,2016,-0.217798466550109
DEU,Germany,2017,-0.21413588991384
DEU,Germany,2018,-0.20743622259726002
DEU,Germany,2019,-0.19372999056350698
DEU,Germany,2020,-0.17695328915306002
DEU,Germany,2021,-0.18525580469834302
DEU,Germany,2022,-0.183261879844823
DJI,Djibouti,2013,-0.00015193511290773003
DJI,Djibouti,2014,-0.000105978661456764
DJI,Djibouti,2015,-0.00011780595649380601
DJI,Djibouti,2016,-0.00010374838817282
DJI,Djibouti,2017,-0.000106921093135778
DJI,Djibouti,2018,-0.000118689530390089
DJI,Djibouti,2019,-0.000122439208024653
DJI,Djibouti,2020,-0.000104381639703667
DJI,Djibouti,2021,-0.000123976115763265
DJI,Djibouti,2022,-0.000115306839062748
DMA,Dominica,2013,-4.2999999999999995e-05
DMA,Dominica,2014,-4.4999999999999996e-05
DMA,Dominica,2015,-4.8e-05
DMA,Dominica,2016,-4.7000000000000004e-05
DMA,Dominica,2017,-4.2000000000000004e-05
DMA,Dominica,2018,-4.4e-05
DMA,Dominica,2019,-4.7000000000000004e-05
DMA,Dominica,2020,-4.2999999999999995e-05
DMA,Dominica,2021,-4.381836525e-05
DMA,Dominica,2022,-4.35186702362246e-05
DNK,Denmark,2013,-0.0117267554456973
DNK,Denmark,2014,-0.010558044176886676
DNK,Denmark,2015,-0.009889829109571847
DNK,Denmark,2016,-0.010388205471596301
DNK,Denmark,2017,-0.009798977747750464
DNK,Denmark,2018,-0.009790345565288067
DNK,Denmark,2019,-0.008798405570981362
DNK,Denmark,2020,-0.008075776023528632
DNK,Denmark,2021,-0.008445375058915173
DNK,Denmark,2022,-0.008143545537729635
DOM,Dominican Republic,2013,-0.0058043014239324495
DOM,Dominican Republic,2014,-0.00594994846287973
DOM,Dominican Republic,2015,-0.00641227874471609
DOM,Dominican Republic,2016,-0.0067261372063673
DOM,Dominican Republic,2017,-0.00655483674112189
DOM,Dominican Republic,2018,-0.0070295416806371
DOM,Dominican Republic,2019,-0.0077441847597635
DOM,Dominican Republic,2020,-0.0064141226144090804
DOM,Dominican Republic,2021,-0.00686206207074183
DOM,Dominican Republic,2022,-0.00669720116849912
DZA,Algeria,2013,-0.034227128161391694
DZA,Algeria,2014,-0.0368303257179005
DZA,Algeria,2015,-0.0390120160576223
DZA,Algeria,2016,-0.0388714029530357
DZA,Algeria,2017,-0.0405448326610341
DZA,Algeria,2018,-0.0422765360614957
DZA,Algeria,2019,-0.044110388585694306
DZA,Algeria,2020,-0.0415895969224604
DZA,Algeria,2021,-0.044919125659250804
DZA,Algeria,2022,-0.0464306801732084
ECU,Ecuador,2013,-0.010416403840199
ECU,Ecuador,2014,-0.0114208029128565
ECU,Ecuador,2015,-0.010723278626963999
ECU,Ecuador,2016,-0.010185843724328
ECU,Ecuador,2017,-0.0101439910951677
ECU,Ecuador,2018,-0.0100435477948979
ECU,Ecuador,2019,-0.010463758987731102
ECU,Ecuador,2020,-0.00845062854105959
ECU,Ecuador,2021,-0.00984630036094971
ECU,Ecuador,2022,-0.0106886130665212
EGY,Egypt,2013,-0.0564829796672018
EGY,Egypt,2014,-0.060500344118982
EGY,Egypt,2015,-0.0598178762753803
EGY,Egypt,2016,-0.0638995351185238
EGY,Egypt,2017,-0.0697936943395726
EGY,Egypt,2018,-0.0654062191509653
EGY,Egypt,2019,-0.0687174813670774
EGY,Egypt,2020,-0.0609195338064542
EGY,Egypt,2021,-0.070616874622588
EGY,Egypt,2022,-0.0743606947196031
ERI,Eritrea,2013,-0.00015543383979185199
ERI,Eritrea,2014,-0.00015532407138268102
ERI,Eritrea,2015,-0.00015129515726939599
ERI,Eritrea,2016,-0.00015215136641972198
ERI,Eritrea,2017,-0.00015203622977775
ERI,Eritrea,2018,-0.00017003622977774998
ERI,Eritrea,2019,-0.00017688031579925502
ERI,Eritrea,2020,-0.000174921093135778
ERI,Eritrea,2021,-0.00019084354219327902
ERI,Eritrea,2022,-0.000173504988792246
ESP,Spain,2013,-0.0687613939776549
ESP,Spain,2014,-0.0693726000968021
ESP,Spain,2015,-0.07389198723974541
ESP,Spain,2016,-0.0708583255800052
ESP,Spain,2017,-0.0746669868504205
ESP,Spain,2018,-0.0733051082047689
ESP,Spain,2019,-0.0683941241991063
ESP,Spain,2020,-0.0578173055284373
ESP,Spain,2021,-0.06251893479669711
ESP,Spain,2022,-0.0640439472570183
EST,Estonia,2013,-0.00535857642154222
EST,Estonia,2014,-0.005126624638429411
EST,Estonia,2015,-0.00430666572931472
EST,Estonia,2016,-0.00475789133713273
EST,Estonia,2017,-0.00508079503006587
EST,Estonia,2018,-0.00485826579528728
EST,Estonia,2019,-0.00335373873283751
EST,Estonia,2020,-0.00251043966427487
EST,Estonia,2021,-0.0028359021507996397
EST,Estonia,2022,-0.00320883664833782
ETH,Ethiopia,2013,-0.00266949480994503
ETH,Ethiopia,2014,-0.00327962505730287
ETH,Ethiopia,2015,-0.00346517624073959
ETH,Ethiopia,2016,-0.0039369330728382
ETH,Ethiopia,2017,-0.00425238797490938
ETH,Ethiopia,2018,-0.004361692013436821
ETH,Ethiopia,2019,-0.00455103473523109
ETH,Ethiopia,2020,-0.0048608412713565296
ETH,Ethiopia,2021,-0.005185420413319651
ETH,Ethiopia,2022,-0.00488676631656167
FIN,Finland,2013,-0.0141154475982533
FIN,Finland,2014,-0.0129972707423581
FIN,Finland,2015,-0.012061135371179001
FIN,Finland,2016,-0.0128960152838428
FIN,Finland,2017,-0.012188045851528401
FIN,Finland,2018,-0.0124819868995633
FIN,Finland,2019,-0.0115835152838428
FIN,Finland,2020,-0.0102893013100437
FIN,Finland,2021,-0.010316048034934501
FIN,Finland,2022,-0.00992549126637555
FJI,Fiji,2013,-0.000283
FJI,Fiji,2014,-0.000322
FJI,Fiji,2015,-0.00033900000000000005
FJI,Fiji,2016,-0.000321
FJI,Fiji,2017,-0.000357
FJI,Fiji,2018,-0.0003699609375
FJI,Fiji,2019,-0.000370961038961039
FJI,Fiji,2020,-0.00027400000000000005
FJI,Fiji,2021,-0.00030006695249999997
FJI,Fiji,2022,-0.000314736361802629
FRA,France,2013,-0.09924684592483113
FRA,France,2014,-0.09082674085381293
FRA,France,2015,-0.09205812032363092
FRA,France,2016,-0.09296956995771415
FRA,France,2017,-0.09378746850411256
FRA,France,2018,-0.08974136364372833
FRA,France,2019,-0.0877880919582471
FRA,France,2020,-0.07820234412838975
FRA,France,2021,-0.08490721887227066
FRA,France,2022,-0.08175719374959914
FSM,Micronesia (Federated States of),2013,-3.7e-05
FSM,Micronesia (Federated States of),2014,-3.7e-05
FSM,Micronesia (Federated States of),2015,-3.9e-05
FSM,Micronesia (Federated States of),2016,-3.9e-05
FSM,Micronesia (Federated States of),2017,-3.9e-05
FSM,Micronesia (Federated States of),2018,-3.9e-05
FSM,Micronesia (Federated States of),2019,-4e-05
FSM,Micronesia (Federated States of),2020,-4e-05
FSM,Micronesia (Federated States of),2021,-3.878215875e-05
FSM,Micronesia (Federated States of),2022,-4.06781068229331e-05
GAB,Gabon,2013,-0.000916761314176622
GAB,Gabon,2014,-0.000980456518496002
GAB,Gabon,2015,-0.000967951561607949
GAB,Gabon,2016,-0.00101372430554348
GAB,Gabon,2017,-0.0008342589658354011
GAB,Gabon,2018,-0.000801116181745666
GAB,Gabon,2019,-0.000733856482075296
GAB,Gabon,2020,-0.00086568917033177
GAB,Gabon,2021,-0.000826558666761863
GAB,Gabon,2022,-0.0008915825825981631
GBR,United Kingdom,2013,-0.13068242021847
GBR,United Kingdom,2014,-0.120136757931342
GBR,United Kingdom,2015,-0.11565043490799201
GBR,United Kingdom,2016,-0.109386773773453
GBR,United Kingdom,2017,-0.10608647302601101
GBR,United Kingdom,2018,-0.10401803358830002
GBR,United Kingdom,2019,-0.0999065747090612
GBR,United Kingdom,2020,-0.089362632967835
GBR,United Kingdom,2021,-0.09436846004358097
GBR,United Kingdom,2022,-0.08599252803002891
GEO,Georgia,2013,-0.00218594471416192
GEO,Georgia,2014,-0.0024384285484869103
GEO,Georgia,2015,-0.0026611289283833203
GEO,Georgia,2016,-0.00274641199793812
GEO,Georgia,2017,-0.0027763444876842402
GEO,Georgia,2018,-0.00274632479596817
GEO,Georgia,2019,-0.00297123108429614
GEO,Georgia,2020,-0.00288485475823569
GEO,Georgia,2021,-0.0030229511153314704
GEO,Georgia,2022,-0.0031675411522611202
GHA,Ghana,2013,-0.00339695634157844
GHA,Ghana,2014,-0.00355679164901995
GHA,Ghana,2015,-0.00390916298879499
GHA,Ghana,2016,-0.0037728487143269705
GHA,Ghana,2017,-0.00322889728086885
GHA,Ghana,2018,-0.0040509854272889004
GHA,Ghana,2019,-0.004409952598943671
GHA,Ghana,2020,-0.00505032053133823
GHA,Ghana,2021,-0.00532335982474424
GHA,Ghana,2022,-0.0053932158474712805
GIN,Guinea,2013,-0.000576
GIN,Guinea,2014,-0.0005909999999999999
GIN,Guinea,2015,-0.0006690000000000001
GIN,Guinea,2016,-0.0007481420389461631
GIN,Guinea,2017,-0.000884
GIN,Guinea,2018,-0.000863
GIN,Guinea,2019,-0.0010701285598047202
GIN,Guinea,2020,-0.001228
GIN,Guinea,2021,-0.0011334833325
GIN,Guinea,2022,-0.00118032615347638
GMB,Gambia,2013,-0.00011600000000000001
GMB,Gambia,2014,-0.00013800000000000002
GMB,Gambia,2015,-0.00015900000000000002
GMB,Gambia,2016,-0.000161
GMB,Gambia,2017,-0.000162
GMB,Gambia,2018,-0.000177
GMB,Gambia,2019,-0.000194
GMB,Gambia,2020,-0.000191
GMB,Gambia,2021,-0.00019909017000000002
GMB,Gambia,2022,-0.000207317856216522
GNB,Guinea-Bissau,2013,-6.7e-05
GNB,Guinea-Bissau,2014,-7.099999999999999e-05
GNB,Guinea-Bissau,2015,-7.6e-05
GNB,Guinea-Bissau,2016,-8.300000000000001e-05
GNB,Guinea-Bissau,2017,-8.300000000000001e-05
GNB,Guinea-Bissau,2018,-8.5e-05
GNB,Guinea-Bissau,2019,-8.8e-05
GNB,Guinea-Bissau,2020,-8.1e-05
GNB,Guinea-Bissau,2021,-8.312267249999999e-05
GNB,Guinea-Bissau,2022,-8.65578359076596e-05
GNQ,Equatorial Guinea,2013,-0.00189034694956883
GNQ,Equatorial Guinea,2014,-0.0017563379391135102
GNQ,Equatorial Guinea,2015,-0.00162329661975762
GNQ,Equatorial Guinea,2016,-0.0018262368427006599
GNQ,Equatorial Guinea,2017,-0.0019891567765073703
GNQ,Equatorial Guinea,2018,-0.00147116886017626
GNQ,Equatorial Guinea,2019,-0.00112014582275364
GNQ,Equatorial Guinea,2020,-0.00128622186070086
GNQ,Equatorial Guinea,2021,-0.00145408654997875
GNQ,Equatorial Guinea,2022,-0.0014197798090677901
GRC,Greece,2013,-0.0223016538946484
GRC,Greece,2014,-0.0214617078427878
GRC,Greece,2015,-0.0204494160670412
GRC,Greece,2016,-0.0194758738133323
GRC,Greece,2017,-0.0204262419639233
GRC,Greece,2018,-0.0195900952482165
GRC,Greece,2019,-0.0179411220406239
GRC,Greece,2020,-0.015163256926666601
GRC,Greece,2021,-0.0156984723907205
GRC,Greece,2022,-0.0158513985260015
GRD,Grenada,2013,-8.300000000000001e-05
GRD,Grenada,2014,-6.4e-05
GRD,Grenada,2015,-7.099999999999999e-05
GRD,Grenada,2016,-7.3e-05
GRD,Grenada,2017,-7.6e-05
GRD,Grenada,2018,-8.400000000000001e-05
GRD,Grenada,2019,-8.999999999999999e-05
GRD,Grenada,2020,-7.9e-05
GRD,Grenada,2021,-8.51236803e-05
GRD,Grenada,2022,-8.9863864446146e-05
GTM,Guatemala,2013,-0.00348898534043
GTM,Guatemala,2014,-0.00376234217382792
GTM,Guatemala,2015,-0.00433633558879047
GTM,Guatemala,2016,-0.00459062210029186
GTM,Guatemala,2017,-0.0046910184441864
GTM,Guatemala,2018,-0.00501870243844637
GTM,Guatemala,2019,-0.00529081910730923
GTM,Guatemala,2020,-0.00470079328618307
GTM,Guatemala,2021,-0.005277542533406011
GTM,Guatemala,2022,-0.005227267296384471
GUY,Guyana,2013,-0.0005200000000000001
GUY,Guyana,2014,-0.000538215238723697
GUY,Guyana,2015,-0.0005467619361848391
GUY,Guyana,2016,-0.000648111114136573
GUY,Guyana,2017,-0.0006350477447393551
GUY,Guyana,2018,-0.000683123938357839
GUY,Guyana,2019,-0.000752123938357839
GUY,Guyana,2020,-0.000726191888051806
GUY,Guyana,2021,-0.000914898768192775
GUY,Guyana,2022,-0.000932588313310457
HND,Honduras,2013,-0.00255592194323144
HND,Honduras,2014,-0.00258767412663755
HND,Honduras,2015,-0.00282423009873267
HND,Honduras,2016,-0.0026534682825514002
HND,Honduras,2017,-0.00279243610337839
HND,Honduras,2018,-0.00269139163189869
HND,Honduras,2019,-0.00306189802209093
HND,Honduras,2020,-0.00259992114050861
HND,Honduras,2021,-0.00279707318953335
HND,Honduras,2022,-0.0029421673017357903
HRV,Croatia,2013,-0.00502349281113537
HRV,Croatia,2014,-0.0048191025900654995
HRV,Croatia,2015,-0.004858898725436681
HRV,Croatia,2016,-0.00493722125272926
HRV,Croatia,2017,-0.00510892464792576
HRV,Croatia,2018,-0.00483148646834061
HRV,Croatia,2019,-0.0048663447379912695
HRV,Croatia,2020,-0.00460742446779476
HRV,Croatia,2021,-0.00475182031932314
HRV,Croatia,2022,-0.00480573463700873
HTI,Haiti,2013,-0.000738605309089318
HTI,Haiti,2014,-0.0007381617561928951
HTI,Haiti,2015,-0.000726161756192895
HTI,Haiti,2016,-0.000813187554718693
HTI,Haiti,2017,-0.000856767427677772
HTI,Haiti,2018,-0.0009307208477969679
HTI,Haiti,2019,-0.000843742634289342
HTI,Haiti,2020,-0.000685742634289342
HTI,Haiti,2021,-0.000693984565679482
HTI,Haiti,2022,-0.0006696814925014421
HUN,Hungary,2013,-0.0118685913537118
HUN,Hungary,2014,-0.0119101758242358
HUN,Hungary,2015,-0.0127093134907205
HUN,Hungary,2016,-0.012838194746179
HUN,Hungary,2017,-0.013488955
HUN,Hungary,2018,-0.0134760417003275
HUN,Hungary,2019,-0.0134185987663755
HUN,Hungary,2020,-0.0128568304994542
HUN,Hungary,2021,-0.013190763168668102
HUN,Hungary,2022,-0.0122434415596321
IDN,Indonesia,2013,-0.131867285490124
IDN,Indonesia,2014,-0.131586309746428
IDN,Indonesia,2015,-0.145658851848992
IDN,Indonesia,2016,-0.14601569911389
IDN,Indonesia,2017,-0.150808299742658
IDN,Indonesia,2018,-0.161069563685065
IDN,Indonesia,2019,-0.17661735935928
IDN,Indonesia,2020,-0.16442768340563002
IDN,Indonesia,2021,-0.169184399009214
IDN,Indonesia,2022,-0.200915556994602
IND,India,2013,-0.54362329102799
IND,India,2014,-0.5853760250620491
IND,India,2015,-0.608647977237099
IND,India,2016,-0.64162268113108
IND,India,2017,-0.661513819613569
IND,India,2018,-0.7070334802035181
IND,India,2019,-0.7124553271956631
IND,India,2020,-0.66013893983055
IND,India,2021,-0.7291083876805889
IND,India,2022,-0.7719010857701399
IRL,Ireland,2013,-0.010174377868856199
IRL,Ireland,2014,-0.0100573603294097
IRL,Ireland,2015,-0.0105665914688336
IRL,Ireland,2016,-0.0110171613914259
IRL,Ireland,2017,-0.0106647508515713
IRL,Ireland,2018,-0.0106466614519835
IRL,Ireland,2019,-0.010186514534769101
IRL,Ireland,2020,-0.0095863729302425
IRL,Ireland,2021,-0.010246799143057901
IRL,Ireland,2022,-0.0100194832225367
IRN,Iran,2013,-0.160785867578286
IRN,Iran,2014,-0.169592919273081
IRN,Iran,2015,-0.16904379659069202
IRN,Iran,2016,-0.167829588511129
IRN,Iran,2017,-0.181007857359925
IRN,Iran,2018,-0.188042954312537
IRN,Iran,2019,-0.186446369695891
IRN,Iran,2020,-0.182600461753978
IRN,Iran,2021,-0.201425252984685
IRN,Iran,2022,-0.2067624288805
IRQ,Iraq,2013,-0.0316564832648409
IRQ,Iraq,2014,-0.0301681373079384
IRQ,Iraq,2015,-0.030391138201675598
IRQ,Iraq,2016,-0.0343691969406693
IRQ,Iraq,2017,-0.039151668926144904
IRQ,Iraq,2018,-0.0410438540162956
IRQ,Iraq,2019,-0.0425658966957698
IRQ,Iraq,2020,-0.0347189418029393
IRQ,Iraq,2021,-0.0343629634987785
IRQ,Iraq,2022,-0.038292422854022
ISL,Iceland,2013,-0.000951983987445415
ISL,Iceland,2014,-0.000940260756004367
ISL,Iceland,2015,-0.000966479508733624
ISL,Iceland,2016,-0.0009535139219432321
ISL,Iceland,2017,-0.000985521913209607
ISL,Iceland,2018,-0.00100084670032751
ISL,Iceland,2019,-0.00097054913209607
ISL,Iceland,2020,-0.000911726462882096
ISL,Iceland,2021,-0.0009575075491266381
ISL,Iceland,2022,-0.000986147191593886
ISR,Israel,2013,-0.0172202637510914
ISR,Israel,2014,-0.016452570381140202
ISR,Israel,2015,-0.017177479531728
ISR,Israel,2016,-0.0166923188210672
ISR,Israel,2017,-0.0160580139229688
ISR,Israel,2018,-0.0163715363343255
ISR,Israel,2019,-0.016009603080748603
ISR,Israel,2020,-0.015201283234786
ISR,Israel,2021,-0.015255347365637
ISR,Israel,2022,-0.015696001943063
ITA,Italy,2013,-0.100839161467365
ITA,Italy,2014,-0.0953603533583348
ITA,Italy,2015,-0.0985956153690714
ITA,Italy,2016,-0.0977468213779494
ITA,Italy,2017,-0.09625507894217561
ITA,Italy,2018,-0.09526804666945181
ITA,Italy,2019,-0.0926947457331106
ITA,Italy,2020,-0.08258799773809611
ITA,Italy,2021,-0.0916969982156859
ITA,Italy,2022,-0.09297825059722
JAM,Jamaica,2013,-0.00231775128581235
JAM,Jamaica,2014,-0.00210083344154076
JAM,Jamaica,2015,-0.00218310819509819
JAM,Jamaica,2016,-0.00222801081182183
JAM,Jamaica,2017,-0.0021281511092096903
JAM,Jamaica,2018,-0.0022069960903489203
JAM,Jamaica,2019,-0.0021352114496836602
JAM,Jamaica,2020,-0.00176386628122392
JAM,Jamaica,2021,-0.00202701607249432
JAM,Jamaica,2022,-0.00200218814976641
JOR,Jordan,2013,-0.00649922398574177
JOR,Jordan,2014,-0.00706741961721976
JOR,Jordan,2015,-0.00697295109196928
JOR,Jordan,2016,-0.00674081048914353
JOR,Jordan,2017,-0.00704517466712096
JOR,Jordan,2018,-0.00686189267469515
JOR,Jordan,2019,-0.00674885301072155
JOR,Jordan,2020,-0.00576653981284462
JOR,Jordan,2021,-0.00565560151013504
JOR,Jordan,2022,-0.0056338768024391
JPN,Japan,2013,-0.358978657007964
JPN,Japan,2014,-0.344925139896909
JPN,Japan,2015,-0.333842613722374
JPN,Japan,2016,-0.328379885625217
JPN,Japan,2017,-0.32409510430354904
JPN,Japan,2018,-0.311812483403944
JPN,Japan,2019,-0.301713423117753
JPN,Japan,2020,-0.28397473152071
JPN,Japan,2021,-0.28982130600575
JPN,Japan,2022,-0.28184682838949404
KAZ,Kazakhstan,2013,-0.0696410820623817
KAZ,Kazakhstan,2014,-0.07486072044860831
KAZ,Kazakhstan,2015,-0.0760538423061177
KAZ,Kazakhstan,2016,-0.0757903213295392
KAZ,Kazakhstan,2017,-0.0800972914949333
KAZ,Kazakhstan,2018,-0.0838357226408296
KAZ,Kazakhstan,2019,-0.0751336685552031
KAZ,Kazakhstan,2020,-0.0697288427516435
KAZ,Kazakhstan,2021,-0.0696350802916253
KAZ,Kazakhstan,2022,-0.0694361869379771
KEN,Kenya,2013,-0.0036730282509194103
KEN,Kenya,2014,-0.00396603195526514
KEN,Kenya,2015,-0.00463932814272654
KEN,Kenya,2016,-0.00494937514572114
KEN,Kenya,2017,-0.00483335515650001
KEN,Kenya,2018,-0.0051413721441553204
KEN,Kenya,2019,-0.005403708128194551
KEN,Kenya,2020,-0.0059994089977399405
KEN,Kenya,2021,-0.00608376285640482
KEN,Kenya,2022,-0.00591896317258945
KGZ,Kyrgyzstan,2013,-0.00265660835152838
KGZ,Kyrgyzstan,2014,-0.00279377401746725
KGZ,Kyrgyzstan,2015,-0.00280152319868996
KGZ,Kyrgyzstan,2016,-0.00262600327510917
KGZ,Kyrgyzstan,2017,-0.00255477838427948
KGZ,Kyrgyzstan,2018,-0.00304899536026201
KGZ,Kyrgyzstan,2019,-0.0024689709081467002
KGZ,Kyrgyzstan,2020,-0.00227851874055199
KGZ,Kyrgyzstan,2021,-0.00279600397507891
KGZ,Kyrgyzstan,2022,-0.0027483135811857402
KHM,Cambodia,2013,-0.00153840884279476
KHM,Cambodia,2014,-0.00186524391487389
KHM,Cambodia,2015,-0.00228319050218341
KHM,Cambodia,2016,-0.00298081659388646
KHM,Cambodia,2017,-0.00340489353295903
KHM,Cambodia,2018,-0.00380290538573508
KHM,Cambodia,2019,-0.00497259180702849
KHM,Cambodia,2020,-0.00519492909128717
KHM,Cambodia,2021,-0.00529576796294106
KHM,Cambodia,2022,-0.005466030409066579
KIR,Kiribati,2013,-1.4e-05
KIR,Kiribati,2014,-1.6e-05
KIR,Kiribati,2015,-1.5e-05
KIR,Kiribati,2016,-1.5e-05
KIR,Kiribati,2017,-1.8e-05
KIR,Kiribati,2018,-1.8e-05
KIR,Kiribati,2019,-1.8e-05
KIR,Kiribati,2020,-1.8e-05
KIR,Kiribati,2021,-1.83783848055795e-05
KIR,Kiribati,2022,-1.86973057062245e-05
KNA,Saint Kitts and Nevis,2013,-6.1e-05
KNA,Saint Kitts and Nevis,2014,-6.3e-05
KNA,Saint Kitts and Nevis,2015,-6.4e-05
KNA,Saint Kitts and Nevis,2016,-6.500000000000001e-05
KNA,Saint Kitts and Nevis,2017,-6.6e-05
KNA,Saint Kitts and Nevis,2018,-6.7e-05
KNA,Saint Kitts and Nevis,2019,-6.900000000000001e-05
KNA,Saint Kitts and Nevis,2020,-6.3e-05
KNA,Saint Kitts and Nevis,2021,-6.316312500000001e-05
KNA,Saint Kitts and Nevis,2022,-6.27311218088958e-05
KOR,South Korea,2013,-0.173193423220486
KOR,South Korea,2014,-0.171770328496041
KOR,South Korea,2015,-0.17308331836276902
KOR,South Korea,2016,-0.17410318875471903
KOR,South Korea,2017,-0.178640084235156
KOR,South Korea,2018,-0.182906304182362
KOR,South Korea,2019,-0.176337953924391
KOR,South Korea,2020,-0.163109700210739
KOR,South Korea,2021,-0.16814107835044
KOR,South Korea,2022,-0.16432487221237302
KWT,Kuwait,2013,-0.0223466871423589
KWT,Kuwait,2014,-0.0201400410578427
KWT,Kuwait,2015,-0.0253371096842693
KWT,Kuwait,2016,-0.0294282508175857
KWT,Kuwait,2017,-0.0279372550875667
KWT,Kuwait,2018,-0.0285641245633532
KWT,Kuwait,2019,-0.029503018179529602
KWT,Kuwait,2020,-0.026332902331986
KWT,Kuwait,2021,-0.025679164936140603
KWT,Kuwait,2022,-0.0265964699179419
LAO,Laos,2013,-0.00116298016842796
LAO,Laos,2014,-0.0012144359225962301
LAO,Laos,2015,-0.00251890057016698
LAO,Laos,2016,-0.0044918453204763
LAO,Laos,2017,-0.00537222899768159
LAO,Laos,2018,-0.005610836794447969
LAO,Laos,2019,-0.00533142278516013
LAO,Laos,2020,-0.00536878364096711
LAO,Laos,2021,-0.00592315100402094
LAO,Laos,2022,-0.00610691304565927
LBN,Lebanon,2013,-0.00604895851528384
LBN,Lebanon,2014,-0.00654804254702505
LBN,Lebanon,2015,-0.00702362233477296
LBN,Lebanon,2016,-0.00721657599458998
LBN,Lebanon,2017,-0.007593909345772001
LBN,Lebanon,2018,-0.00713978767601863
LBN,Lebanon,2019,-0.0070036458796868695
LBN,Lebanon,2020,-0.00608165028717392
LBN,Lebanon,2021,-0.005293023842055941
LBN,Lebanon,2022,-0.00530703894310869
LBR,Liberia,2013,-0.000238609412693997
LBR,Liberia,2014,-0.00022419826546909
LBR,Liberia,2015,-0.000127515535965386
LBR,Liberia,2016,-0.000135677177557663
LBR,Liberia,2017,-0.000243140697148104
LBR,Liberia,2018,-0.000115111268256739
LBR,Liberia,2019,-0.000278274593409824
LBR,Liberia,2020,-0.000209994842153022
LBR,Liberia,2021,-0.00024162342960184
LBR,Liberia,2022,-0.000243477502896546
LBY,Libya,2013,-0.00973642645484631
LBY,Libya,2014,-0.0150527864073325
LBY,Libya,2015,-0.0135493051571598
LBY,Libya,2016,-0.012901943864520099
LBY,Libya,2017,-0.0125809111795373
LBY,Libya,2018,-0.012343308143681201
LBY,Libya,2019,-0.016622226481954
LBY,Libya,2020,-0.0115790058045366
LBY,Libya,2021,-0.01399060143587
LBY,Libya,2022,-0.0144320090305125
LCA,Saint Lucia,2013,-0.000133
LCA,Saint Lucia,2014,-0.000132
LCA,Saint Lucia,2015,-0.000131
LCA,Saint Lucia,2016,-0.00013000000000000002
LCA,Saint Lucia,2017,-0.000134
LCA,Saint Lucia,2018,-0.00013900000000000002
LCA,Saint Lucia,2019,-0.00013700000000000002
LCA,Saint Lucia,2020,-0.000132
LCA,Saint Lucia,2021,-0.000138996772875
LCA,Saint Lucia,2022,-0.00013804610665265599
LIE,Liechtenstein,2013,-5.25504603328591e-05
LIE,Liechtenstein,2014,-4.40117821513374e-05
LIE,Liechtenstein,2015,-4.3606384906571604e-05
LIE,Liechtenstein,2016,-4.08947205010553e-05
LIE,Liechtenstein,2017,-4.25134815807985e-05
LIE,Liechtenstein,2018,-3.90148479411555e-05
LIE,Liechtenstein,2019,-4.067189418461e-05
LIE,Liechtenstein,2020,-3.87361839778703e-05
LIE,Liechtenstein,2021,-3.98154783721143e-05
LIE,Liechtenstein,2022,-4.18453314909924e-05
LKA,Sri Lanka,2013,-0.00396029255329199
LKA,Sri Lanka,2014,-0.00475436985259555
LKA,Sri Lanka,2015,-0.00537319525915154
LKA,Sri Lanka,2016,-0.00627373596578789
LKA,Sri Lanka,2017,-0.0062426040382808
LKA,Sri Lanka,2018,-0.005484951227415821
LKA,Sri Lanka,2019,-0.00579480380207161
LKA,Sri Lanka,2020,-0.0056290522441448995
LKA,Sri Lanka,2021,-0.0063043806618489195
LKA,Sri Lanka,2022,-0.00552866231210879
LSO,Lesotho,2013,-0.000637
LSO,Lesotho,2014,-0.000675
LSO,Lesotho,2015,-0.000612
LSO,Lesotho,2016,-0.000604
LSO,Lesotho,2017,-0.0006860000000000001
LSO,Lesotho,2018,-0.000647
LSO,Lesotho,2019,-0.000652
LSO,Lesotho,2020,-0.000593
LSO,Lesotho,2021,-0.000740121593938501
LSO,Lesotho,2022,-0.000829465041281813
LTU,Lithuania,2013,-0.00359711780021834
LTU,Lithuania,2014,-0.00351660162936681
LTU,Lithuania,2015,-0.0035721565283842803
LTU,Lithuania,2016,-0.0035904943750000003
LTU,Lithuania,2017,-0.00363537207423581
LTU,Lithuania,2018,-0.0036763616812227097
LTU,Lithuania,2019,-0.00374105753002183
LTU,Lithuania,2020,-0.0037016226610262003
LTU,Lithuania,2021,-0.0037803207314410503
LTU,Lithuania,2022,-0.0035193651821233698
LUX,Luxembourg,2013,-0.00282032296360399
LUX,Luxembourg,2014,-0.0026790602140148397
LUX,Luxembourg,2015,-0.0025505637258550202
LUX,Luxembourg,2016,-0.0024810008608442302
LUX,Luxembourg,2017,-0.00252806658901944
LUX,Luxembourg,2018,-0.00261116020557777
LUX,Luxembourg,2019,-0.00266423689477948
LUX,Luxembourg,2020,-0.00220385520854175
LUX,Luxembourg,2021,-0.00229819279136587
LUX,Luxembourg,2022,-0.00198600537415597
LVA,Latvia,2013,-0.0020111228837522
LVA,Latvia,2014,-0.00195748036735478
LVA,Latvia,2015,-0.00198210452714091
LVA,Latvia,2016,-0.0019679844178448003
LVA,Latvia,2017,-0.0019692498864214703
LVA,Latvia,2018,-0.0021444698166145
LVA,Latvia,2019,-0.0020874679853788497
LVA,Latvia,2020,-0.0019099311758009401
LVA,Latvia,2021,-0.00197546202444375
LVA,Latvia,2022,-0.00180669119903043
MAR,Morocco,2013,-0.0154493496569409
MAR,Morocco,2014,-0.0156045076624255
MAR,Morocco,2015,-0.0159648409361201
MAR,Morocco,2016,-0.0159545513100437
MAR,Morocco,2017,-0.016677707969432302
MAR,Morocco,2018,-0.0170057967087794
MAR,Morocco,2019,-0.0187617691048035
MAR,Morocco,2020,-0.0176203002183406
MAR,Morocco,2021,-0.0192310194078721
MAR,Morocco,2022,-0.019278490335716603
MDA,Moldova,2013,-0.00133716113537118
MDA,Moldova,2014,-0.00129880354803493
MDA,Moldova,2015,-0.0013050653840270302
MDA,Moldova,2016,-0.00133833825468482
MDA,Moldova,2017,-0.0014248120061141202
MDA,Moldova,2018,-0.0014862035874002799
MDA,Moldova,2019,-0.0014997277766326301
MDA,Moldova,2020,-0.00143036400013576
MDA,Moldova,2021,-0.00160075963352905
MDA,Moldova,2022,-0.00160440329201417
MDG,Madagascar,2013,-0.000875433839791852
MDG,Madagascar,2014,-0.000861863524814792
MDG,Madagascar,2015,-0.0008808635248147921
MDG,Madagascar,2016,-0.000891863524814792
MDG,Madagascar,2017,-0.00112415136641972
MDG,Madagascar,2018,-0.00103474838817282
MDG,Madagascar,2019,-0.0011616703420361302
MDG,Madagascar,2020,-0.0010818635248147901
MDG,Madagascar,2021,-0.00125593983484573
MDG,Madagascar,2022,-0.00123618307337725
MDV,Maldives,2013,-0.000298
MDV,Maldives,2014,-0.000359
MDV,Maldives,2015,-0.00034899999999999997
MDV,Maldives,2016,-0.00039200000000000004
MDV,Maldives,2017,-0.000413
MDV,Maldives,2018,-0.000475
MDV,Maldives,2019,-0.000533
MDV,Maldives,2020,-0.00045000000000000004
MDV,Maldives,2021,-0.0005402552625
MDV,Maldives,2022,-0.000566666786686462
MEX,Mexico,2013,-0.133003105242186
MEX,Mexico,2014,-0.129618056242537
MEX,Mexico,2015,-0.12828837827630402
MEX,Mexico,2016,-0.12836085616534101
MEX,Mexico,2017,-0.124806311646952
MEX,Mexico,2018,-0.125940212399121
MEX,Mexico,2019,-0.125495151255013
MEX,Mexico,2020,-0.11739767554692401
MEX,Mexico,2021,-0.11971229230154601
MEX,Mexico,2022,-0.124831733630386
MHL,Marshall Islands,2013,-3.8e-05
MHL,Marshall Islands,2014,-3.9e-05
MHL,Marshall Islands,2015,-3.9e-05
MHL,Marshall Islands,2016,-3.9e-05
MHL,Marshall Islands,2017,-4e-05
MHL,Marshall Islands,2018,-4e-05
MHL,Marshall Islands,2019,-4e-05
MHL,Marshall Islands,2020,-4e-05
MHL,Marshall Islands,2021,-3.9919095e-05
MHL,Marshall Islands,2022,-4.1870624612530505e-05
MKD,North Macedonia,2013,-0.0020440000000000002
MKD,North Macedonia,2014,-0.001966
MKD,North Macedonia,2015,-0.00184403755868545
MKD,North Macedonia,2016,-0.0018160000000000001
MKD,North Macedonia,2017,-0.001952
MKD,North Macedonia,2018,-0.0018209489051094901
MKD,North Macedonia,2019,-0.0020870000000000003
MKD,North Macedonia,2020,-0.001898
MKD,North Macedonia,2021,-0.00190978281060711
MKD,North Macedonia,2022,-0.00214317514593967
MLI,Mali,2013,-0.0007487429978626739
MLI,Mali,2014,-0.0008557995091850839
MLI,Mali,2015,-0.000895626804222125
MLI,Mali,2016,-0.0011557419408641
MLI,Mali,2017,-0.00127085707750607
MLI,Mali,2018,-0.00133970021388897
MLI,Mali,2019,-0.00159186552143186
MLI,Mali,2020,-0.00175178661456764
MLI,Mali,2021,-0.0018881870977775
MLI,Mali,2022,-0.00195835213759353
MLT,Malta,2013,-0.000663059825327511
MLT,Malta,2014,-0.000659688810043668
MLT,Malta,2015,-0.00046379834061135403
MLT,Malta,2016,-0.000375437819323144
MLT,Malta,2017,-0.000419451037117904
MLT,Malta,2018,-0.00042232578602620103
MLT,Malta,2019,-0.000449993537117904
MLT,Malta,2020,-0.00043678811135371197
MLT,Malta,2021,-0.000439643777292576
MLT,Malta,2022,-0.00048416687227074203
MMR,Myanmar,2013,-0.0034290203911657804
MMR,Myanmar,2014,-0.00428920450082852
MMR,Myanmar,2015,-0.005944035729706911
MMR,Myanmar,2016,-0.00574748493982228
MMR,Myanmar,2017,-0.006430770593893541
MMR,Myanmar,2018,-0.00927169567116693
MMR,Myanmar,2019,-0.00916318613652723
MMR,Myanmar,2020,-0.00943285461235203
MMR,Myanmar,2021,-0.008303178868970409
MMR,Myanmar,2022,-0.00839897245294111
MNE,Montenegro,2013,-0.000587
MNE,Montenegro,2014,-0.000575
MNE,Montenegro,2015,-0.000611
MNE,Montenegro,2016,-0.00055
MNE,Montenegro,2017,-0.000574
MNE,Montenegro,2018,-0.0006550000000000001
MNE,Montenegro,2019,-0.0006760000000000001
MNE,Montenegro,2020,-0.000657
MNE,Montenegro,2021,-0.0006496841121379841
MNE,Montenegro,2022,-0.000641212941870843
MNG,Mongolia,2013,-0.011862319746927901
MNG,Mongolia,2014,-0.00807878588310151
MNG,Mongolia,2015,-0.0063446603964129
MNG,Mongolia,2016,-0.00699032690925136
MNG,Mongolia,2017,-0.00931476321621636
MNG,Mongolia,2018,-0.0123671236058787
MNG,Mongolia,2019,-0.0128969768861399
MNG,Mongolia,2020,-0.0101191722613345
MNG,Mongolia,2021,-0.009393630223565281
MNG,Mongolia,2022,-0.00977229793295893
MOZ,Mozambique,2013,-0.0009758530001957671
MOZ,Mozambique,2014,-0.0022109101535191197
MOZ,Mozambique,2015,-0.0018345339171296
MOZ,Mozambique,2016,-0.0023315709388509
MOZ,Mozambique,2017,-0.00187853467796623
MOZ,Mozambique,2018,-0.00190968782375455
MOZ,Mozambique,2019,-0.0019375439762047899
MOZ,Mozambique,2020,-0.00174011921663326
MOZ,Mozambique,2021,-0.0022048508285619304
MOZ,Mozambique,2022,-0.0021460312262195
MRT,Mauritania,2013,-0.000563028936512202
MRT,Mauritania,2014,-0.000682018439285933
MRT,Mauritania,2015,-0.00079802145585121
MRT,Mauritania,2016,-0.000692025004183213
MRT,Mauritania,2017,-0.0009130203844585841
MRT,Mauritania,2018,-0.0010000883424408
MRT,Mauritania,2019,-0.00103
MRT,Mauritania,2020,-0.0011240000000000002
MRT,Mauritania,2021,-0.0012529453099897
MRT,Mauritania,2022,-0.00126549939663577
MUS,Mauritius,2013,-0.00111
MUS,Mauritius,2014,-0.001148
MUS,Mauritius,2015,-0.001149
MUS,Mauritius,2016,-0.001186
MUS,Mauritius,2017,-0.001238
MUS,Mauritius,2018,-0.0012170000000000002
MUS,Mauritius,2019,-0.001234
MUS,Mauritius,2020,-0.001039
MUS,Mauritius,2021,-0.00113669929501355
MUS,Mauritius,2022,-0.001114924078716
MWI,Malawi,2013,-0.00031273948498556
MWI,Malawi,2014,-0.000284050023728936
MWI,Malawi,2015,-0.000295547235844389
MWI,Malawi,2016,-0.000329042791048405
MWI,Malawi,2017,-0.000335609462988169
MWI,Malawi,2018,-0.00047025779816708605
MWI,Malawi,2019,-0.00044664502135604304
MWI,Malawi,2020,-0.000510577823477952
MWI,Malawi,2021,-0.0005588716439214911
MWI,Malawi,2022,-0.000535551187688389
MYS,Malaysia,2013,-0.06448546815864929
MYS,Malaysia,2014,-0.0651257291220947
MYS,Malaysia,2015,-0.0623359175908047
MYS,Malaysia,2016,-0.06304425683430111
MYS,Malaysia,2017,-0.065145565953819
MYS,Malaysia,2018,-0.0704569064226592
MYS,Malaysia,2019,-0.0719433241922474
MYS,Malaysia,2020,-0.0722430593459532
MYS,Malaysia,2021,-0.0742456247842269
MYS,Malaysia,2022,-0.0783446425124084
NAM,Namibia,2013,-0.000700799126637554
NAM,Namibia,2014,-0.0010038200149918499
NAM,Namibia,2015,-0.00105112008733624
NAM,Namibia,2016,-0.00110567576419214
NAM,Namibia,2017,-0.0011506968184542602
NAM,Namibia,2018,-0.001133984668157
NAM,Namibia,2019,-0.0011220156831011601
NAM,Namibia,2020,-0.00100397228919811
NAM,Namibia,2021,-0.00105046075690392
NAM,Namibia,2022,-0.00109327121794317
NER,Niger,2013,-0.000518265077007358
NER,Niger,2014,-0.000569173388244454
NER,Niger,2015,-0.000575100142266072
NER,Niger,2016,-0.000562007295841381
NER,Niger,2017,-0.0005939240211871531
NER,Niger,2018,-0.000475448748175984
NER,Niger,2019,-0.000670679542594629
NER,Niger,2020,-0.0007497332672533351
NER,Niger,2021,-0.0007251905075456369
NER,Niger,2022,-0.00074053882050277
NGA,Nigeria,2013,-0.026965474541783403
NGA,Nigeria,2014,-0.029249232418431904
NGA,Nigeria,2015,-0.025882822757386202
NGA,Nigeria,2016,-0.028288483004318198
NGA,Nigeria,2017,-0.0268555053298318
NGA,Nigeria,2018,-0.024956518506630002
NGA,Nigeria,2019,-0.0307762144733584
NGA,Nigeria,2020,-0.0301063692158719
NGA,Nigeria,2021,-0.0318022060201344
NGA,Nigeria,2022,-0.0321152336463597
NIC,Nicaragua,2013,-0.00125693450908057
NIC,Nicaragua,2014,-0.00129506614667513
NIC,Nicaragua,2015,-0.0014822471118420399
NIC,Nicaragua,2016,-0.0014754765013261998
NIC,Nicaragua,2017,-0.00149053084915229
NIC,Nicaragua,2018,-0.00141899933635909
NIC,Nicaragua,2019,-0.0014253690929594
NIC,Nicaragua,2020,-0.00129596247829188
NIC,Nicaragua,2021,-0.00150082990189837
NIC,Nicaragua,2022,-0.00153547350257683
NIU,Niue,2013,-2e-06
NIU,Niue,2014,-3e-06
NIU,Niue,2015,-2e-06
NIU,Niue,2016,-2e-06
NIU,Niue,2017,-2e-06
NIU,Niue,2018,-3e-06
NIU,Niue,2019,-2e-06
NIU,Niue,2020,-2e-06
NIU,Niue,2021,-2.0420427561755e-06
NIU,Niue,2022,-2.0774784118027303e-06
NLD,Netherlands,2013,-0.047037588633961604
NLD,Netherlands,2014,-0.045256760782600096
NLD,Netherlands,2015,-0.047163753283120904
NLD,Netherlands,2016,-0.047087725635072006
NLD,Netherlands,2017,-0.046054172211293
NLD,Netherlands,2018,-0.0447637895143751
NLD,Netherlands,2019,-0.0426729740313636
NLD,Netherlands,2020,-0.0382457846649555
NLD,Netherlands,2021,-0.03907057595469214
NLD,Netherlands,2022,-0.03564694774372882
NOR,Norway,2013,-0.0121495633187773
NOR,Norway,2014,-0.0122701965065502
NOR,Norway,2015,-0.0124164847161572
NOR,Norway,2016,-0.0121937772925764
NOR,Norway,2017,-0.0120537663755459
NOR,Norway,2018,-0.012119268558952
NOR,Norway,2019,-0.0116793122270742
NOR,Norway,2020,-0.011253002183406099
NOR,Norway,2021,-0.0111975982532751
NOR,Norway,2022,-0.0111375545851528
NPL,Nepal,2013,-0.00169700867513896
NPL,Nepal,2014,-0.0020718707054524603
NPL,Nepal,2015,-0.0018844586569031802
NPL,Nepal,2016,-0.0027524909443162405
NPL,Nepal,2017,-0.00339242231577171
NPL,Nepal,2018,-0.0040389513801699604
NPL,Nepal,2019,-0.0037049371470197602
NPL,Nepal,2020,-0.00406703852067012
NPL,Nepal,2021,-0.004226857252577411
NPL,Nepal,2022,-0.004377024184402021
NRU,Nauru,2013,-1.3e-05
NRU,Nauru,2014,-1.4e-05
NRU,Nauru,2015,-1.5e-05
NRU,Nauru,2016,-1.4e-05
NRU,Nauru,2017,-1.5e-05
NRU,Nauru,2018,-1.5e-05
NRU,Nauru,2019,-1.5e-05
NRU,Nauru,2020,-1.4e-05
NRU,Nauru,2021,-1.5441278625e-05
NRU,Nauru,2022,-1.6196158275754098e-05
NZL,New Zealand,2013,-0.00961733464560927
NZL,New Zealand,2014,-0.00967114333039612
NZL,New Zealand,2015,-0.0097713428416857
NZL,New Zealand,2016,-0.009319194208486429
NZL,New Zealand,2017,-0.00973923569628252
NZL,New Zealand,2018,-0.009744135202499811
NZL,New Zealand,2019,-0.010025059976347001
NZL,New Zealand,2020,-0.00928568683845343
NZL,New Zealand,2021,-0.009367523471180491
NZL,New Zealand,2022,-0.00862720767893821
OMN,Oman,2013,-0.0166071202947515
OMN,Oman,2014,-0.0166595172221294
OMN,Oman,2015,-0.017199962101460402
OMN,Oman,2016,-0.0167503783223877
OMN,Oman,2017,-0.0167459442297276
OMN,Oman,2018,-0.0179793348039942
OMN,Oman,2019,-0.0182276685240874
OMN,Oman,2020,-0.017444800835860502
OMN,Oman,2021,-0.019281433979581902
OMN,Oman,2022,-0.019878010465100602
PAK,Pakistan,2013,-0.0410439238649488
PAK,Pakistan,2014,-0.0424853452103128
PAK,Pakistan,2015,-0.0451794593805208
PAK,Pakistan,2016,-0.0532142075158824
PAK,Pakistan,2017,-0.0588093124244795
PAK,Pakistan,2018,-0.055809676538302495
PAK,Pakistan,2019,-0.056113276520830806
PAK,Pakistan,2020,-0.054625896700199905
PAK,Pakistan,2021,-0.060983011667784505
PAK,Pakistan,2022,-0.054630502078724004
PAN,Panama,2013,-0.00286934582541684
PAN,Panama,2014,-0.0029627212303122
PAN,Panama,2015,-0.00294444329850002
PAN,Panama,2016,-0.0028490366838325
PAN,Panama,2017,-0.00306308839610101
PAN,Panama,2018,-0.0029355846829903303
PAN,Panama,2019,-0.00365195802992133
PAN,Panama,2020,-0.00281777982084721
PAN,Panama,2021,-0.0029044280772869404
PAN,Panama,2022,-0.0029838442224434697
PER,Peru,2013,-0.011671938876715
PER,Peru,2014,-0.0133788326077605
PER,Peru,2015,-0.0133197203883709
PER,Peru,2016,-0.0143295022392408
PER,Peru,2017,-0.0149241825893653
PER,Peru,2018,-0.015193136870296
PER,Peru,2019,-0.0158987937707208
PER,Peru,2020,-0.0127755388024225
PER,Peru,2021,-0.0142098495505336
PER,Peru,2022,-0.015148559101824602
PHL,Philippines,2013,-0.026144739204494498
PHL,Philippines,2014,-0.027615781979431802
PHL,Philippines,2015,-0.030607548867011003
PHL,Philippines,2016,-0.033152861724869295
PHL,Philippines,2017,-0.0368182472901147
PHL,Philippines,2018,-0.0385678319672757
PHL,Philippines,2019,-0.0393019036005609
PHL,Philippines,2020,-0.0362188148974542
PHL,Philippines,2021,-0.039540713443462105
PHL,Philippines,2022,-0.0410098581604214
PLW,Palau,2013,-6.2e-05
PLW,Palau,2014,-6e-05
PLW,Palau,2015,-5.6e-05
PLW,Palau,2016,-5.800000000000001e-05
PLW,Palau,2017,-5.9e-05
PLW,Palau,2018,-5.800000000000001e-05
PLW,Palau,2019,-6e-05
PLW,Palau,2020,-5.800000000000001e-05
PLW,Palau,2021,-5.76889875e-05
PLW,Palau,2022,-6.0509235990682196e-05
PNG,Papua New Guinea,2013,-0.00145502688816967
PNG,Papua New Guinea,2014,-0.00166814964021424
PNG,Papua New Guinea,2015,-0.00177403783486412
PNG,Papua New Guinea,2016,-0.00187204808669858
PNG,Papua New Guinea,2017,-0.00179202572798653
PNG,Papua New Guinea,2018,-0.00205203469891761
PNG,Papua New Guinea,2019,-0.0021160076755912904
PNG,Papua New Guinea,2020,-0.00208002803818396
PNG,Papua New Guinea,2021,-0.0021133504994928698
PNG,Papua New Guinea,2022,-0.00210981592484688
POL,Poland,2013,-0.0878622396456057
POL,Poland,2014,-0.08449679236673449
POL,Poland,2015,-0.0853592367504582
POL,Poland,2016,-0.0883064766195259
POL,Poland,2017,-0.09191235355851791
POL,Poland,2018,-0.0917219929298205
POL,Poland,2019,-0.0867152886976985
POL,Poland,2020,-0.082541678623686
POL,Poland,2021,-0.090332812102409
POL,Poland,2022,-0.08598315089260901
PRK,North Korea,2013,-0.00737271480131008
PRK,North Korea,2014,-0.00833612566502241
PRK,North Korea,2015,-0.00672039623144963
PRK,North Korea,2016,-0.007525082574995821
PRK,North Korea,2017,-0.0141200338253736
PRK,North Korea,2018,-0.012999413533612501
PRK,North Korea,2019,-0.014400715064430001
PRK,North Korea,2020,-0.013595617723155502
PRK,North Korea,2021,-0.0124801521301685
PRK,North Korea,2022,-0.013018553468156
PRT,Portugal,2013,-0.0131403357721673
PRT,Portugal,2014,-0.0130846950228211
PRT,Portugal,2015,-0.0142557437589346
PRT,Portugal,2016,-0.0137311449329792
PRT,Portugal,2017,-0.0150559930413725
PRT,Portugal,2018,-0.0140120946623175
PRT,Portugal,2019,-0.012986658030285099
PRT,Portugal,2020,-0.011391444123216599
PRT,Portugal,2021,-0.010994571726509101
PRT,Portugal,2022,-0.011104545294382201
PRY,Paraguay,2013,-0.0014116121724890801
PRY,Paraguay,2014,-0.0014896915938864602
PRY,Paraguay,2015,-0.00165055581913947
PRY,Paraguay,2016,-0.00196325170306293
PRY,Paraguay,2017,-0.00216497799689563
PRY,Paraguay,2018,-0.00229272403464633
PRY,Paraguay,2019,-0.00222072118789095
PRY,Paraguay,2020,-0.0020104947886022103
PRY,Paraguay,2021,-0.00223361103885122
PRY,Paraguay,2022,-0.00227868113309111
PSE,Palestine,2013,-0.000665
PSE,Palestine,2014,-0.0007740000000000001
PSE,Palestine,2015,-0.00082
PSE,Palestine,2016,-0.000882
PSE,Palestine,2017,-0.000892
PSE,Palestine,2018,-0.0008070000000000001
PSE,Palestine,2019,-0.0008910000000000001
PSE,Palestine,2020,-0.0009080000000000001
PSE,Palestine,2021,-0.000997640505
PSE,Palestine,2022,-0.000988478798136796
QAT,Qatar,2013,-0.0221814863519992
QAT,Qatar,2014,-0.024342103370617898
QAT,Qatar,2015,-0.0243563944338138
QAT,Qatar,2016,-0.0233951151023475
QAT,Qatar,2017,-0.0268114816207015
QAT,Qatar,2018,-0.0255563042244846
QAT,Qatar,2019,-0.0271343875498364
QAT,Qatar,2020,-0.027485247842969802
QAT,Qatar,2021,-0.0279781297853155
QAT,Qatar,2022,-0.02856251933623
ROU,Romania,2013,-0.0214513720239773
ROU,Romania,2014,-0.0215864145829672
ROU,Romania,2015,-0.021235756245748503
ROU,Romania,2016,-0.0208275628339911
ROU,Romania,2017,-0.0216043122331185
ROU,Romania,2018,-0.0217355809477768
ROU,Romania,2019,-0.0208671100766186
ROU,Romania,2020,-0.0201174051686183
ROU,Romania,2021,-0.021089086529098498
ROU,Romania,2022,-0.0199216066420651
RUS,Russia,2013,-0.447717638702741
RUS,Russia,2014,-0.447587083110762
RUS,Russia,2015,-0.447236698481357
RUS,Russia,2016,-0.446202231056281
RUS,Russia,2017,-0.454727403449541
RUS,Russia,2018,-0.467383850344881
RUS,Russia,2019,-0.46534686596656505
RUS,Russia,2020,-0.445668480317428
RUS,Russia,2021,-0.467247083881868
RUS,Russia,2022,-0.49186406213887
RWA,Rwanda,2013,-0.00021350299269861002
RWA,Rwanda,2014,-0.00022647498675716702
RWA,Rwanda,2015,-0.000264788031144434
RWA,Rwanda,2016,-0.000286117076419214
RWA,Rwanda,2017,-0.000315247740174672
RWA,Rwanda,2018,-0.000351364681972872
RWA,Rwanda,2019,-0.000374654599768731
RWA,Rwanda,2020,-0.000374403020332969
RWA,Rwanda,2021,-0.000455520587802602
RWA,Rwanda,2022,-0.000431213438382907
SAU,Saudi Arabia,2013,-0.14766583342421502
SAU,Saudi Arabia,2014,-0.16633403215947498
SAU,Saudi Arabia,2015,-0.18424267338564498
SAU,Saudi Arabia,2016,-0.18928500745528398
SAU,Saudi Arabia,2017,-0.184635907955482
SAU,Saudi Arabia,2018,-0.186289140584756
SAU,Saudi Arabia,2019,-0.19191602976194802
SAU,Saudi Arabia,2020,-0.16553508526642302
SAU,Saudi Arabia,2021,-0.172715677045089
SAU,Saudi Arabia,2022,-0.178693765638376
SDN,Sudan,2013,-0.00441493249205144
SDN,Sudan,2014,-0.0045430399299338
SDN,Sudan,2015,-0.00550410863227483
SDN,Sudan,2016,-0.00527075861331671
SDN,Sudan,2017,-0.00539675688455062
SDN,Sudan,2018,-0.00575082118964283
SDN,Sudan,2019,-0.005799703087157101
SDN,Sudan,2020,-0.00547773446098103
SDN,Sudan,2021,-0.00592034399135982
SDN,Sudan,2022,-0.00536571431794038
SEN,Senegal,2013,-0.00214319567439618
SEN,Senegal,2014,-0.0023811027204510998
SEN,Senegal,2015,-0.0026870677801350902
SEN,Senegal,2016,-0.0027335419284757498
SEN,Senegal,2017,-0.0029336213551872203
SEN,Senegal,2018,-0.00309235597531769
SEN,Senegal,2019,-0.0034697109306845403
SEN,Senegal,2020,-0.00295331658431003
SEN,Senegal,2021,-0.00337673778068691
SEN,Senegal,2022,-0.0034170216218324303
SGP,Singapore,2013,-0.014986000000000001
SGP,Singapore,2014,-0.014222
SGP,Singapore,2015,-0.016901
SGP,Singapore,2016,-0.010996
SGP,Singapore,2017,-0.010921
SGP,Singapore,2018,-0.013656000000000001
SGP,Singapore,2019,-0.009219
SGP,Singapore,2020,-0.014960000000000001
SGP,Singapore,2021,-0.015339340941717
SGP,Singapore,2022,-0.0145806737301751
SLB,Solomon Islands,2013,-0.000102
SLB,Solomon Islands,2014,-8.999999999999999e-05
SLB,Solomon Islands,2015,-8e-05
SLB,Solomon Islands,2016,-7.9e-05
SLB,Solomon Islands,2017,-7.8e-05
SLB,Solomon Islands,2018,-7.9e-05
SLB,Solomon Islands,2019,-8e-05
SLB,Solomon Islands,2020,-7.9e-05
SLB,Solomon Islands,2021,-7.982639955e-05
SLB,Solomon Islands,2022,-8.37288823739095e-05
SLE,Sierra Leone,2013,-0.00028599999999999996
SLE,Sierra Leone,2014,-0.000308
SLE,Sierra Leone,2015,-0.000296
SLE,Sierra Leone,2016,-0.00031190144927536204
SLE,Sierra Leone,2017,-0.000297
SLE,Sierra Leone,2018,-0.00028089171974522297
SLE,Sierra Leone,2019,-0.00027400000000000005
SLE,Sierra Leone,2020,-0.00027912225705329204
SLE,Sierra Leone,2021,-0.000345275748675
SLE,Sierra Leone,2022,-0.000359544763153578
SLV,El Salvador,2013,-0.00166333836289482
SLV,El Salvador,2014,-0.0016788087809644701
SLV,El Salvador,2015,-0.0018198067987653902
SLV,El Salvador,2016,-0.00180016231090633
SLV,El Salvador,2017,-0.0016292850281751502
SLV,El Salvador,2018,-0.00170922576247031
SLV,El Salvador,2019,-0.00206049389066092
SLV,El Salvador,2020,-0.0017998087809644701
SLV,El Salvador,2021,-0.00208635141450436
SLV,El Salvador,2022,-0.0021336028312107297
SOM,Somaliland,2013,-0.00017199999999999998
SOM,Somaliland,2014,-0.00017199999999999998
SOM,Somaliland,2015,-0.00017199999999999998
SOM,Somaliland,2016,-0.000174
SOM,Somaliland,2017,-0.000174
SOM,Somaliland,2018,-0.000174
SOM,Somaliland,2019,-0.000174
SOM,Somaliland,2020,-0.000163
SOM,Somaliland,2021,-0.00017005281817500002
SOM,Somaliland,2022,-0.000157630375885825
SRB,Serbia,2013,-0.012157710504052502
SRB,Serbia,2014,-0.0101498746902686
SRB,Serbia,2015,-0.011939429507567701
SRB,Serbia,2016,-0.0122900816050416
SRB,Serbia,2017,-0.0124261874362323
SRB,Serbia,2018,-0.012096166947244599
SRB,Serbia,2019,-0.0120847391798963
SRB,Serbia,2020,-0.0123278752541379
SRB,Serbia,2021,-0.0123076635873355
SRB,Serbia,2022,-0.0122298325380028
SSD,South Sudan,2013,-0.00039400000000000004
SSD,South Sudan,2014,-0.000415
SSD,South Sudan,2015,-0.000522
SSD,South Sudan,2016,-0.000465
SSD,South Sudan,2017,-0.00039700000000000005
SSD,South Sudan,2018,-0.000474
SSD,South Sudan,2019,-0.000486
SSD,South Sudan,2020,-0.000462
SSD,South Sudan,2021,-0.0005023732806074341
SSD,South Sudan,2022,-0.000451674472561374
STP,Sao Tome and Principe,2013,-3e-05
STP,Sao Tome and Principe,2014,-3.5000000000000004e-05
STP,Sao Tome and Principe,2015,-3.7e-05
STP,Sao Tome and Principe,2016,-4.1e-05
STP,Sao Tome and Principe,2017,-3.8e-05
STP,Sao Tome and Principe,2018,-3.8e-05
STP,Sao Tome and Principe,2019,-3.9e-05
STP,Sao Tome and Principe,2020,-3.8e-05
STP,Sao Tome and Principe,2021,-4.53341318442806e-05
STP,Sao Tome and Principe,2022,-5.03881824993289e-05
SUR,Suriname,2013,-0.0008590033888207251
SUR,Suriname,2014,-0.0008735424981865299
SUR,Suriname,2015,-0.000740544137000546
SUR,Suriname,2016,-0.000797152387236968
SUR,Suriname,2017,-0.000662228580855452
SUR,Suriname,2018,-0.000570228580855452
SUR,Suriname,2019,-0.000719376778148285
SUR,Suriname,2020,-0.000796388486889412
SUR,Suriname,2021,-0.000942926571933429
SUR,Suriname,2022,-0.000934294977897918
SVK,Slovakia,2013,-0.0097225051442753
SVK,Slovakia,2014,-0.00919982934908123
SVK,Slovakia,2015,-0.00942363244397862
SVK,Slovakia,2016,-0.009542250106698971
SVK,Slovakia,2017,-0.00987082850588351
SVK,Slovakia,2018,-0.00986895772790286
SVK,Slovakia,2019,-0.00923343801605763
SVK,Slovakia,2020,-0.008502789758447269
SVK,Slovakia,2021,-0.00961135237225052
SVK,Slovakia,2022,-0.00861087395112917
SVN,Slovenia,2013,-0.00412889257914847
SVN,Slovenia,2014,-0.00370123034115721
SVN,Slovenia,2015,-0.00372420502183406
SVN,Slovenia,2016,-0.00394606072871179
SVN,Slovenia,2017,-0.00398926956058952
SVN,Slovenia,2018,-0.00396284630185589
SVN,Slovenia,2019,-0.0038317249808952
SVN,Slovenia,2020,-0.0035084359061135404
SVN,Slovenia,2021,-0.00356410519377729
SVN,Slovenia,2022,-0.00346650964519651
SWE,Sweden,2013,-0.0123367142078845
SWE,Sweden,2014,-0.0118648169904701
SWE,Sweden,2015,-0.0118499306530343
SWE,Sweden,2016,-0.0118486960322696
SWE,Sweden,2017,-0.011582541914928999
SWE,Sweden,2018,-0.0114788411744166
SWE,Sweden,2019,-0.0111445324738578
SWE,Sweden,2020,-0.010017062083198301
SWE,Sweden,2021,-0.0105441297921349
SWE,Sweden,2022,-0.0102277312034962
SWZ,Eswatini,2013,-0.000382
SWZ,Eswatini,2014,-0.00021
SWZ,Eswatini,2015,-0.000237
SWZ,Eswatini,2016,-0.000288
SWZ,Eswatini,2017,-0.00026900000000000003
SWZ,Eswatini,2018,-0.00028199999999999997
SWZ,Eswatini,2019,-0.000306
SWZ,Eswatini,2020,-0.000298
SWZ,Eswatini,2021,-0.000293363071732514
SWZ,Eswatini,2022,-0.000320040611584017
SYC,Seychelles,2013,-0.00011300000000000001
SYC,Seychelles,2014,-0.000125
SYC,Seychelles,2015,-0.00013600000000000003
SYC,Seychelles,2016,-0.000151
SYC,Seychelles,2017,-0.000157
SYC,Seychelles,2018,-0.000164
SYC,Seychelles,2019,-0.000162
SYC,Seychelles,2020,-0.00016600000000000002
SYC,Seychelles,2021,-0.000167529661875
SYC,Seychelles,2022,-0.00015529153739872402
SYR,Syria,2013,-0.00907250326160597
SYR,Syria,2014,-0.00824558914485296
SYR,Syria,2015,-0.00753957006599134
SYR,Syria,2016,-0.00714981529538301
SYR,Syria,2017,-0.007152694421200929
SYR,Syria,2018,-0.00848430874200484
SYR,Syria,2019,-0.00734918729962445
SYR,Syria,2020,-0.006680275420540041
SYR,Syria,2021,-0.007128129841377281
SYR,Syria,2022,-0.00686748208762669
TCD,Chad,2013,-0.000498191288800216
TCD,Chad,2014,-0.00051223495185053
TCD,Chad,2015,-0.00051938907562763
TCD,Chad,2016,-0.000511628395647505
TCD,Chad,2017,-0.000520063439590677
TCD,Chad,2018,-0.000542238419216191
TCD,Chad,2019,-0.000541447525229086
TCD,Chad,2020,-0.0005453219769177579
TCD,Chad,2021,-0.000639961984894516
TCD,Chad,2022,-0.000725493138970269
TGO,Togo,2013,-0.00044829475982532805
TGO,Togo,2014,-0.00042082368995633205
TGO,Togo,2015,-0.000508553746136107
TGO,Togo,2016,-0.000630998474897844
TGO,Togo,2017,-0.000543501510438476
TGO,Togo,2018,-0.000590935783932524
TGO,Togo,2019,-0.000659114957827361
TGO,Togo,2020,-0.000649895869474188
TGO,Togo,2021,-0.000723300251356331
TGO,Togo,2022,-0.000724565209478411
THA,Thailand,2013,-0.0717654330545319
THA,Thailand,2014,-0.0741665713782199
THA,Thailand,2015,-0.0754084330433779
THA,Thailand,2016,-0.07733005620834901
THA,Thailand,2017,-0.0771419958210734
THA,Thailand,2018,-0.07851862816449401
THA,Thailand,2019,-0.07677037156114401
THA,Thailand,2020,-0.0740495481467907
THA,Thailand,2021,-0.07277351872703891
THA,Thailand,2022,-0.0742808545217514
TJK,Tajikistan,2013,-0.000793365952181464
TJK,Tajikistan,2014,-0.00125549188465398
TJK,Tajikistan,2015,-0.0014471294854756002
TJK,Tajikistan,2016,-0.0015536301608415
TJK,Tajikistan,2017,-0.00187173808619708
TJK,Tajikistan,2018,-0.00219991336418048
TJK,Tajikistan,2019,-0.0024172429428986
TJK,Tajikistan,2020,-0.00253872033000189
TJK,Tajikistan,2021,-0.0025243960230386404
TJK,Tajikistan,2022,-0.0024742166431441703
TKM,Turkmenistan,2013,-0.0164056848454144
TKM,Turkmenistan,2014,-0.0161190618554536
TKM,Turkmenistan,2015,-0.016610646715880802
TKM,Turkmenistan,2016,-0.0166904563092631
TKM,Turkmenistan,2017,-0.0167118011503643
TKM,Turkmenistan,2018,-0.0166379745615709
TKM,Turkmenistan,2019,-0.017139654231758002
TKM,Turkmenistan,2020,-0.017621756575393503
TKM,Turkmenistan,2021,-0.0167430804063981
TKM,Turkmenistan,2022,-0.0171152222406202
TLS,East Timor,2013,-9.607286902941491e-05
TLS,East Timor,2014,-0.00011928191547469801
TLS,East Timor,2015,-0.00011682266733431899
TLS,East Timor,2016,-0.00013903648204899
TLS,East Timor,2017,-0.000150038228677465
TLS,East Timor,2018,-0.00013603240162244801
TLS,East Timor,2019,-0.00016501934254356702
TLS,East Timor,2020,-0.000160121894822894
TLS,East Timor,2021,-0.00015762902102266698
TLS,East Timor,2022,-0.00016533771950748
TON,Tonga,2013,-3.1e-05
TON,Tonga,2014,-3.1e-05
TON,Tonga,2015,-3.2e-05
TON,Tonga,2016,-3.4000000000000007e-05
TON,Tonga,2017,-3.7e-05
TON,Tonga,2018,-3.7e-05
TON,Tonga,2019,-4.4e-05
TON,Tonga,2020,-5e-05
TON,Tonga,2021,-5.105106890438741e-05
TON,Tonga,2022,-5.19369602950682e-05
TTO,Trinidad and Tobago,2013,-0.0123462149779079
TTO,Trinidad and Tobago,2014,-0.0126597003479477
TTO,Trinidad and Tobago,2015,-0.0123149989071074
TTO,Trinidad and Tobago,2016,-0.0107913846983292
TTO,Trinidad and Tobago,2017,-0.010902999105326
TTO,Trinidad and Tobago,2018,-0.0109072505886647
TTO,Trinidad and Tobago,2019,-0.0110358333065796
TTO,Trinidad and Tobago,2020,-0.00945797377576338
TTO,Trinidad and Tobago,2021,-0.009867253467830541
TTO,Trinidad and Tobago,2022,-0.00985491941988296
TUN,Tunisia,2013,-0.00743062127042836
TUN,Tunisia,2014,-0.0077966300148785
TUN,Tunisia,2015,-0.00832671012190999
TUN,Tunisia,2016,-0.0081654024088069
TUN,Tunisia,2017,-0.008390690157419521
TUN,Tunisia,2018,-0.00834746874397009
TUN,Tunisia,2019,-0.008157860103176241
TUN,Tunisia,2020,-0.00765691238358271
TUN,Tunisia,2021,-0.00838943711393458
TUN,Tunisia,2022,-0.00869700209305237
TUR,Turkey,2013,-0.0947957891496085
TUR,Turkey,2014,-0.0993526958751965
TUR,Turkey,2015,-0.105057221695463
TUR,Turkey,2016,-0.110794271410935
TUR,Turkey,2017,-0.11760395104813
TUR,Turkey,2018,-0.115190671393733
TUR,Turkey,2019,-0.10990509102622499
TUR,Turkey,2020,-0.11269838211869801
TUR,Turkey,2021,-0.123554254868336
TUR,Turkey,2022,-0.119351067997782
TUV,Tuvalu,2013,-3e-06
TUV,Tuvalu,2014,-3e-06
TUV,Tuvalu,2015,-3e-06
TUV,Tuvalu,2016,-3e-06
TUV,Tuvalu,2017,-3e-06
TUV,Tuvalu,2018,-3e-06
TUV,Tuvalu,2019,-3e-06
TUV,Tuvalu,2020,-3e-06
TUV,Tuvalu,2021,-3.06306413426324e-06
TUV,Tuvalu,2022,-3.11621761770409e-06
TWN,Taiwan,2013,-0.07493886462882099
TWN,Taiwan,2014,-0.07558951965065501
TWN,Taiwan,2015,-0.0753992903930131
TWN,Taiwan,2016,-0.0764705240174672
TWN,Taiwan,2017,-0.0779830786026201
TWN,Taiwan,2018,-0.0774828056768559
TWN,Taiwan,2019,-0.07490311135371179
TWN,Taiwan,2020,-0.0742909927114376
TWN,Taiwan,2021,-0.07739380947445361
TWN,Taiwan,2022,-0.0746912727273422
TZA,Tanzania,2013,-0.0026423249780610897
TZA,Tanzania,2014,-0.0025100713534112603
TZA,Tanzania,2015,-0.00265367508875111
TZA,Tanzania,2016,-0.0027875360634734498
TZA,Tanzania,2017,-0.0030660327189262603
TZA,Tanzania,2018,-0.00323085755593264
TZA,Tanzania,2019,-0.0037509000042903603
TZA,Tanzania,2020,-0.00386699638131258
TZA,Tanzania,2021,-0.00418795611227654
TZA,Tanzania,2022,-0.00403426885192237
UGA,Uganda,2013,-0.0010247080376637602
UGA,Uganda,2014,-0.00111617515010917
UGA,Uganda,2015,-0.0012351446506550202
UGA,Uganda,2016,-0.0013087978372945599
UGA,Uganda,2017,-0.00147049172792568
UGA,Uganda,2018,-0.00150736931433929
UGA,Uganda,2019,-0.00156439011875256
UGA,Uganda,2020,-0.001511574304654
UGA,Uganda,2021,-0.00169296216312342
UGA,Uganda,2022,-0.00158181361943605
UKR,Ukraine,2013,-0.0811896869259342
UKR,Ukraine,2014,-0.0703163250141333
UKR,Ukraine,2015,-0.0610773938828214
UKR,Ukraine,2016,-0.0638539946628174
UKR,Ukraine,2017,-0.060884501048522506
UKR,Ukraine,2018,-0.0632270254673685
UKR,Ukraine,2019,-0.0605740074646409
UKR,Ukraine,2020,-0.0564475571187659
UKR,Ukraine,2021,-0.0573562494041335
UKR,Ukraine,2022,-0.0385170213317043
URY,Uruguay,2013,-0.0020448616831879097
URY,Uruguay,2014,-0.0018243240703341602
URY,Uruguay,2015,-0.00184007266438725
URY,Uruguay,2016,-0.00177981128915216
URY,Uruguay,2017,-0.0016819250186301301
URY,Uruguay,2018,-0.0017933869218208901
URY,Uruguay,2019,-0.00177127245892957
URY,Uruguay,2020,-0.00176778597352492
URY,Uruguay,2021,-0.00214926069179125
URY,Uruguay,2022,-0.00219419326669609
USA,United States of America,2013,-1.49567591067323
USA,United States of America,2014,-1.5089195052336999
USA,United States of America,2015,-1.4673780362115
USA,United States of America,2016,-1.4336605281349801
USA,United States of America,2017,-1.42253339123398
USA,United States of America,2018,-1.4677394522723402
USA,United States of America,2019,-1.4361749656977199
USA,United States of America,2020,-1.2867434584867201
USA,United States of America,2021,-1.37342052926611
USA,United States of America,2022,-1.3859694650151602
UZB,Uzbekistan,2013,-0.0298788215308331
UZB,Uzbekistan,2014,-0.0286450529511139
UZB,Uzbekistan,2015,-0.027729948729820802
UZB,Uzbekistan,2016,-0.029553293204491
UZB,Uzbekistan,2017,-0.0292947847994348
UZB,Uzbekistan,2018,-0.0275120002821535
UZB,Uzbekistan,2019,-0.0292734782256595
UZB,Uzbekistan,2020,-0.0296390281869243
UZB,Uzbekistan,2021,-0.0331496139733005
UZB,Uzbekistan,2022,-0.034447196075263795
VCT,Saint Vincent and the Grenadines,2013,-6e-05
VCT,Saint Vincent and the Grenadines,2014,-6.900000000000001e-05
VCT,Saint Vincent and the Grenadines,2015,-6.4e-05
VCT,Saint Vincent and the Grenadines,2016,-6.6e-05
VCT,Saint Vincent and the Grenadines,2017,-5.9e-05
VCT,Saint Vincent and the Grenadines,2018,-6.6e-05
VCT,Saint Vincent and the Grenadines,2019,-6.2e-05
VCT,Saint Vincent and the Grenadines,2020,-6.7e-05
VCT,Saint Vincent and the Grenadines,2021,-6.459482249999999e-05
VCT,Saint Vincent and the Grenadines,2022,-6.41530272365641e-05
VEN,Venezuela,2013,-0.049411352127177
VEN,Venezuela,2014,-0.0429204503135013
VEN,Venezuela,2015,-0.040482161870116204
VEN,Venezuela,2016,-0.036838871865958196
VEN,Venezuela,2017,-0.034138972637136805
VEN,Venezuela,2018,-0.0232413510366003
VEN,Venezuela,2019,-0.019020657973142
VEN,Venezuela,2020,-0.0125069780163029
VEN,Venezuela,2021,-0.0138927718322334
VEN,Venezuela,2022,-0.015400892398303301
VNM,Vietnam,2013,-0.040798704180262595
VNM,Vietnam,2014,-0.049109657555785606
VNM,Vietnam,2015,-0.0583093062730781
VNM,Vietnam,2016,-0.0604912554267814
VNM,Vietnam,2017,-0.062202891542220105
VNM,Vietnam,2018,-0.0699646998082968
VNM,Vietnam,2019,-0.0928869043830894
VNM,Vietnam,2020,-0.0988229131641499
VNM,Vietnam,2021,-0.0944283495468785
VNM,Vietnam,2022,-0.089610844824622
VUT,Vanuatu,2013,-3e-05
VUT,Vanuatu,2014,-4.2999999999999995e-05
VUT,Vanuatu,2015,-3.7e-05
VUT,Vanuatu,2016,-4.1e-05
VUT,Vanuatu,2017,-3.9e-05
VUT,Vanuatu,2018,-4.9000000000000005e-05
VUT,Vanuatu,2019,-4.4999999999999996e-05
VUT,Vanuatu,2020,-5.5e-05
VUT,Vanuatu,2021,-5.61561757948262e-05
VUT,Vanuatu,2022,-5.7130656324575e-05
WSM,Samoa,2013,-5.3e-05
WSM,Samoa,2014,-5.5e-05
WSM,Samoa,2015,-6.2e-05
WSM,Samoa,2016,-6.500000000000001e-05
WSM,Samoa,2017,-6.7e-05
WSM,Samoa,2018,-6.500000000000001e-05
WSM,Samoa,2019,-7.4e-05
WSM,Samoa,2020,-6.6e-05
WSM,Samoa,2021,-6.592545900000001e-05
WSM,Samoa,2022,-6.914836486643219e-05
XKX,Kosovo,2013,-0.0021750454374161003
XKX,Kosovo,2014,-0.00194669088886955
XKX,Kosovo,2015,-0.00226271540772131
XKX,Kosovo,2016,-0.00239997201042623
XKX,Kosovo,2017,-0.00218954816496684
XKX,Kosovo,2018,-0.00219559359685646
XKX,Kosovo,2019,-0.00228975452856077
XKX,Kosovo,2020,-0.00230660001255023
XKX,Kosovo,2021,-0.00229980968204449
XKX,Kosovo,2022,-0.00228441207962487
YEM,Yemen,2013,-0.006817271003385711
YEM,Yemen,2014,-0.00660969552652364
YEM,Yemen,2015,-0.00350250727680803
YEM,Yemen,2016,-0.00255856999209301
YEM,Yemen,2017,-0.0024372279036780904
YEM,Yemen,2018,-0.0029105337996601
YEM,Yemen,2019,-0.0028644791297137
YEM,Yemen,2020,-0.00252349555852299
YEM,Yemen,2021,-0.0027521451328384903
YEM,Yemen,2022,-0.00269304000650783
ZAF,South Africa,2013,-0.12515751489068
ZAF,South Africa,2014,-0.128770221542554
ZAF,South Africa,2015,-0.12177305924844001
ZAF,South Africa,2016,-0.12470834928401
ZAF,South Africa,2017,-0.119910050978574
ZAF,South Africa,2018,-0.11877186296485501
ZAF,South Africa,2019,-0.127016266693001
ZAF,South Africa,2020,-0.11866101257329101
ZAF,South Africa,2021,-0.114600086809726
ZAF,South Africa,2022,-0.108895139970879
ZMB,Zambia,2013,-0.00120528369575327
ZMB,Zambia,2014,-0.00133093798098736
ZMB,Zambia,2015,-0.0013823622977775002
ZMB,Zambia,2016,-0.00160051366419722
ZMB,Zambia,2017,-0.0018695969304887302
ZMB,Zambia,2018,-0.00202493704510328
ZMB,Zambia,2019,-0.00211540034785988
ZMB,Zambia,2020,-0.0022228018593798203
ZMB,Zambia,2021,-0.00213405123324348
ZMB,Zambia,2022,-0.00209040702227955
ZWE,Zimbabwe,2013,-0.00318541856240132
ZWE,Zimbabwe,2014,-0.00326041161097722
ZWE,Zimbabwe,2015,-0.0033446928164689
ZWE,Zimbabwe,2016,-0.0028748506301973504
ZWE,Zimbabwe,2017,-0.00253701657424381
ZWE,Zimbabwe,2018,-0.002924289838222
ZWE,Zimbabwe,2019,-0.0026679661286224204
ZWE,Zimbabwe,2020,-0.00214236874508622
ZWE,Zimbabwe,2021,-0.00278875464666935
ZWE,Zimbabwe,2022,-0.0028722005858350798
