"mean","10%","25%","50%","75%","90%","ID","iso","dr","elasmu","prtp"
0.0179820488230935,0.00847710403248676,0.00940034964557152,0.0118832382772466,0.0206132181259585,0.0253916863994299,"2_1p5_NA_AFG","AFG","NA","1p5","2"
0.280392016672539,0.206613316647848,0.228642110065016,0.273322811489991,0.329356344816202,0.363352097240932,"2_1p5_NA_AGO","AGO","NA","1p5","2"
0.00562343413094514,0.00332346444683589,0.0041611421794076,0.0051465929021126,0.00688690603558819,0.00837893773016684,"2_1p5_NA_ALB","ALB","NA","1p5","2"
1.30484745281893,0.94495822340376,1.03898168413231,1.21230734426696,1.54789503315737,1.77428417706548,"2_1p5_NA_ARE","ARE","NA","1p5","2"
0.316426008398498,0.17899856881543,0.235792956873641,0.29706629615888,0.416802704549578,0.46391295774645,"2_1p5_NA_ARG","ARG","NA","1p5","2"
-0.00351312894078394,-0.00452989605206763,-0.00378763702994884,-0.00342606537814194,-0.00316421791150594,-0.00293538598101571,"2_1p5_NA_ARM","ARM","NA","1p5","2"
0.527281732155305,0.371710999295447,0.417888381006037,0.497452485150958,0.62597683523607,0.707250752017438,"2_1p5_NA_AUS","AUS","NA","1p5","2"
-0.092312024632286,-0.120760400925993,-0.102192335661965,-0.091080161758238,-0.0786306283860384,-0.0699911926880112,"2_1p5_NA_AUT","AUT","NA","1p5","2"
0.0192488760884451,0.0116994847666673,0.013405326916749,0.0170275949221161,0.0256228159656559,0.0295620086625252,"2_1p5_NA_AZE","AZE","NA","1p5","2"
0.00514225050079179,0.00387767769585976,0.00423430688919626,0.00499026855614855,0.00581301147790623,0.00670848757102505,"2_1p5_NA_BDI","BDI","NA","1p5","2"
-0.0320682903495082,-0.0500340352904164,-0.0432737012542117,-0.0348103906616133,-0.0252853973347529,-0.00649222942556173,"2_1p5_NA_BEL","BEL","NA","1p5","2"
0.0225100293940151,0.0159848827147918,0.0184648834716022,0.0215784356444479,0.0262170099886608,0.0307696044641781,"2_1p5_NA_BEN","BEN","NA","1p5","2"
0.0607456252801164,0.0462790310249679,0.0507282528993206,0.0580864704158946,0.0690757452358385,0.0791265607225713,"2_1p5_NA_BFA","BFA","NA","1p5","2"
0.244053757861078,0.176076193997266,0.196489084235926,0.233721389507141,0.286588180410911,0.328875542180297,"2_1p5_NA_BGD","BGD","NA","1p5","2"
-0.00518212871947024,-0.01045420373273,-0.00843405218119687,-0.00515317453563895,-0.00286701376176665,0.000381868802326977,"2_1p5_NA_BGR","BGR","NA","1p5","2"
0.0128209006316739,0.00958141961239638,0.0106569565678144,0.0125216502934977,0.0146471211299961,0.016313388595218,"2_1p5_NA_BHS","BHS","NA","1p5","2"
-0.0036331169220364,-0.00515456630076365,-0.00411719809808751,-0.00362079383334847,-0.00304883835160116,-0.00218180917598883,"2_1p5_NA_BIH","BIH","NA","1p5","2"
-0.0515844229280861,-0.0644822575778824,-0.0580649666950363,-0.0520742194744267,-0.04321178741004,-0.0393441571763998,"2_1p5_NA_BLR","BLR","NA","1p5","2"
0.00277837396383289,0.00207312470266613,0.00230096792757346,0.00275684693216113,0.0031775224605015,0.00352603868569799,"2_1p5_NA_BLZ","BLZ","NA","1p5","2"
0.0382060860448555,0.0267499088113581,0.0290170716203891,0.0344976602243048,0.0478606119253047,0.0525066916339866,"2_1p5_NA_BOL","BOL","NA","1p5","2"
2.19735479603222,1.64034592921039,1.76989517168676,2.07164647984925,2.60932025331778,2.9260403177969,"2_1p5_NA_BRA","BRA","NA","1p5","2"
0.0343956308418958,0.026503301957785,0.0285273647620056,0.0334083819419644,0.0382944016918636,0.044865333065218,"2_1p5_NA_BRN","BRN","NA","1p5","2"
0.003800152239502,0.00262622807387339,0.0028851534111836,0.00339837953495506,0.00477559129985244,0.00542671370147178,"2_1p5_NA_BTN","BTN","NA","1p5","2"
0.0470062295286304,0.0341396837422099,0.0372251172753548,0.0454825349311715,0.0548279429560128,0.0634867618658834,"2_1p5_NA_BWA","BWA","NA","1p5","2"
0.00491974182686153,0.00381303124672,0.00412469944063523,0.00461030455886629,0.00560052922685436,0.00642670240441743,"2_1p5_NA_CAF","CAF","NA","1p5","2"
-0.841610896485147,-1.00630713858692,-0.898169509893144,-0.827543941194439,-0.775335414160156,-0.714545973365085,"2_1p5_NA_CAN","CAN","NA","1p5","2"
-0.108833913318681,-0.136589940621405,-0.119835772964063,-0.108507743765041,-0.0947315474324675,-0.0854785486706385,"2_1p5_NA_CHE","CHE","NA","1p5","2"
-0.0316528751041909,-0.0371152409709677,-0.0346429472144162,-0.031872582265942,-0.0281627932955628,-0.0256327761222597,"2_1p5_NA_CHL","CHL","NA","1p5","2"
3.84928197717237,2.75618846751328,3.05189846285743,3.54693758082364,4.46373187152936,5.34146009098633,"2_1p5_NA_CHN","CHN","NA","1p5","2"
0.0597744215823793,0.0462636336209244,0.0496901971213497,0.0576615793301919,0.0687150197029414,0.0774873431233448,"2_1p5_NA_CMR","CMR","NA","1p5","2"
0.0356108395365726,0.0269133103938621,0.0293513548862986,0.0344094511663454,0.0407436820351974,0.0463224131011166,"2_1p5_NA_COD","COD","NA","1p5","2"
0.0370008619786378,0.0274521544896673,0.0298711914205133,0.034803286941568,0.0428882905332146,0.0493308342342863,"2_1p5_NA_COG","COG","NA","1p5","2"
0.432999860204297,0.328303779471214,0.35389487738673,0.395093197161316,0.503059718315046,0.586236980678797,"2_1p5_NA_COL","COL","NA","1p5","2"
0.000656921401240781,0.000518421838975129,0.000553591995615546,0.000623820753062233,0.000759996266256896,0.000832008038333103,"2_1p5_NA_COM","COM","NA","1p5","2"
0.00109889076942246,0.000818483498169174,0.000919349907455425,0.00106324188126159,0.00122966498787484,0.00148904718618377,"2_1p5_NA_CPV","CPV","NA","1p5","2"
0.0592883184274895,0.0419759094918403,0.0473464793056555,0.0590125500731508,0.0677976482737001,0.078125266678801,"2_1p5_NA_CRI","CRI","NA","1p5","2"
0.0487276028409569,0.0380906855284529,0.0411370293117692,0.0469747691114009,0.0560848148652051,0.0600799279154347,"2_1p5_NA_CUB","CUB","NA","1p5","2"
0.0154008963940355,0.0118259810600062,0.0127741865791592,0.0143490118925951,0.0171427268923138,0.0200211201239063,"2_1p5_NA_CYP","CYP","NA","1p5","2"
-0.0809116273775188,-0.103610925183256,-0.0904225626222109,-0.080071130207555,-0.0680898096443632,-0.062523559928382,"2_1p5_NA_CZE","CZE","NA","1p5","2"
-0.506125247524383,-0.664294354198994,-0.570892834155458,-0.51514138029682,-0.431345001663541,-0.350374171953791,"2_1p5_NA_DEU","DEU","NA","1p5","2"
0.00361788353294797,0.00275943035626219,0.00300545223743468,0.00339065152028956,0.00412122459058087,0.00489873295443408,"2_1p5_NA_DJI","DJI","NA","1p5","2"
-0.0592300646942864,-0.0722459841744183,-0.0655146777589777,-0.0597373344678094,-0.0513362065011416,-0.0466631655712916,"2_1p5_NA_DNK","DNK","NA","1p5","2"
0.112064662474888,0.0803014401156668,0.093011238774738,0.112359525685686,0.127682201136798,0.143489957441273,"2_1p5_NA_DOM","DOM","NA","1p5","2"
0.210780004198693,0.15512078978575,0.175852489098855,0.202775742821315,0.239134975223199,0.274193256809245,"2_1p5_NA_DZA","DZA","NA","1p5","2"
0.0800454623547513,0.058041445619625,0.0624781992232755,0.07573571321425,0.0954870514712691,0.10692692484269,"2_1p5_NA_ECU","ECU","NA","1p5","2"
0.564312536357917,0.440482947268277,0.485374719750626,0.546206837468981,0.627593274319912,0.713209654320218,"2_1p5_NA_EGY","EGY","NA","1p5","2"
0.00402121328094987,0.0031644082766971,0.00335812375361081,0.0037929397374496,0.0045471887170799,0.00519933749630286,"2_1p5_NA_ERI","ERI","NA","1p5","2"
0.463387532613104,0.309689274406679,0.362731870484963,0.437098810707231,0.521798504621375,0.631984841230749,"2_1p5_NA_ESP","ESP","NA","1p5","2"
-0.0135203950173832,-0.016032591853109,-0.0149517804367347,-0.0135853158296204,-0.0120022997452063,-0.0107310237600665,"2_1p5_NA_EST","EST","NA","1p5","2"
0.0916910418771138,0.068309771593759,0.0744392862537695,0.0858137859812329,0.106858244041478,0.123844078824446,"2_1p5_NA_ETH","ETH","NA","1p5","2"
-0.17048198423052,-0.197217326961223,-0.184840418918183,-0.171292326123598,-0.153487570966727,-0.139361557326013,"2_1p5_NA_FIN","FIN","NA","1p5","2"
0.0021403372943875,0.0014327091888179,0.00176966295199196,0.00208091329636385,0.0024081376136531,0.00285642454057701,"2_1p5_NA_FJI","FJI","NA","1p5","2"
0.0345442055667691,-0.0951391584882028,-0.044649492892536,0.00845703285801357,0.102363672802634,0.17156530389489,"2_1p5_NA_FRA","FRA","NA","1p5","2"
0.031193237658744,0.0234081756962697,0.0255544588409456,0.0303873460339768,0.0359799121602075,0.0404924534353532,"2_1p5_NA_GAB","GAB","NA","1p5","2"
-0.329451362169259,-0.423155534510793,-0.379174013239271,-0.332673783273547,-0.286313574174488,-0.195256117856757,"2_1p5_NA_GBR","GBR","NA","1p5","2"
8.5495688169989e-05,-0.00075848240713057,-0.00061059058871675,-0.000100273773188335,0.000676662511249371,0.00120680677421941,"2_1p5_NA_GEO","GEO","NA","1p5","2"
0.086998156075335,0.0601509467697955,0.0723617488551985,0.085011926091092,0.100936325407454,0.115100674354494,"2_1p5_NA_GHA","GHA","NA","1p5","2"
0.0186086537536452,0.0138026256043073,0.0154321101370695,0.0179352837343071,0.0212465173959625,0.0247610538176383,"2_1p5_NA_GIN","GIN","NA","1p5","2"
0.0048204854467755,0.00331835985667746,0.00399664734644274,0.00485538498899399,0.00565683912708785,0.00620685687026738,"2_1p5_NA_GMB","GMB","NA","1p5","2"
0.00213455635510673,0.00153428190004957,0.00178208702652439,0.00214703726726251,0.00248258289086118,0.00274077328185658,"2_1p5_NA_GNB","GNB","NA","1p5","2"
0.0425249263608528,0.0316900950342651,0.0348279548267419,0.0418630185600019,0.0493329921210054,0.056152773434001,"2_1p5_NA_GNQ","GNQ","NA","1p5","2"
0.0842251817916518,0.0555569515328303,0.0659085893464476,0.0775270456241287,0.10027512808058,0.119189140621541,"2_1p5_NA_GRC","GRC","NA","1p5","2"
0.0798149352742716,0.0561995395751853,0.0661144612956599,0.0781622227820388,0.0921257031509077,0.106979136383834,"2_1p5_NA_GTM","GTM","NA","1p5","2"
0.00296359092408327,0.0023053122049312,0.0025257077127448,0.00294003633616508,0.00328412056761152,0.00377766550385212,"2_1p5_NA_GUY","GUY","NA","1p5","2"
0.0360696503033269,0.0248585030939022,0.0295195613178909,0.0356455212412263,0.0414740714184806,0.0475046807983938,"2_1p5_NA_HND","HND","NA","1p5","2"
0.00498059215269482,0.000146212172047355,0.00180451190804466,0.00399116758472407,0.00781788960312764,0.00998620149636653,"2_1p5_NA_HRV","HRV","NA","1p5","2"
0.00917206436740346,0.00692336155034997,0.00782071452455625,0.00900091652768677,0.0105160422764969,0.0114875977667432,"2_1p5_NA_HTI","HTI","NA","1p5","2"
-0.00704943416267144,-0.0158977376707141,-0.012416841564395,-0.00852938127962068,-0.000455409264405311,0.00181401347861742,"2_1p5_NA_HUN","HUN","NA","1p5","2"
1.10692186184568,0.857923003640182,0.923699270393566,1.0751336348813,1.24813129519931,1.40271530244699,"2_1p5_NA_IDN","IDN","NA","1p5","2"
7.02639993273063,5.2737729454241,5.67271704201335,6.8075312855805,8.09831728548733,9.13929573650405,"2_1p5_NA_IND","IND","NA","1p5","2"
-0.0448091419535085,-0.0526111134525834,-0.0490600700059444,-0.0447066801502647,-0.0401186753473833,-0.0368322086928719,"2_1p5_NA_IRL","IRL","NA","1p5","2"
0.435306110582965,0.317778088021416,0.342923355773294,0.422689018649121,0.520357703944574,0.56535812613524,"2_1p5_NA_IRN","IRN","NA","1p5","2"
0.460518444321376,0.346202534332674,0.377313748664442,0.446123482144919,0.533455575320931,0.594738145224545,"2_1p5_NA_IRQ","IRQ","NA","1p5","2"
-0.0121890041595402,-0.0151191301218246,-0.0140098549981782,-0.01241710773431,-0.0106501414697898,-0.00843168513644748,"2_1p5_NA_ISL","ISL","NA","1p5","2"
0.339652156990212,0.258909809479043,0.279514115975988,0.324248345677764,0.376161564235743,0.450189223030976,"2_1p5_NA_ISR","ISR","NA","1p5","2"
0.300721926862218,0.16533017901763,0.2209014774174,0.286695065471179,0.377544616600246,0.44635634523341,"2_1p5_NA_ITA","ITA","NA","1p5","2"
0.0102821774472544,0.00768011456996432,0.00859125932461414,0.00992102538292064,0.0119356284517959,0.0130317471733471,"2_1p5_NA_JAM","JAM","NA","1p5","2"
0.0329482630605001,0.0253795371711488,0.0272002608529966,0.0317455746146951,0.0370580521910115,0.0434753986246531,"2_1p5_NA_JOR","JOR","NA","1p5","2"
0.817987125469804,0.545117793549239,0.633522482526996,0.762941220663162,0.968502866741003,1.15894289440753,"2_1p5_NA_JPN","JPN","NA","1p5","2"
-0.125830492682331,-0.157101055882274,-0.136849495844985,-0.121398906826213,-0.111395506112566,-0.103793179065312,"2_1p5_NA_KAZ","KAZ","NA","1p5","2"
0.066452398896328,0.0515264458143195,0.0560290860842141,0.0627214185636914,0.0750875453418617,0.0870218387425364,"2_1p5_NA_KEN","KEN","NA","1p5","2"
-0.00482768768857919,-0.00588274349883421,-0.00506043831342087,-0.0047105816026944,-0.00443597313962274,-0.0040720949621325,"2_1p5_NA_KGZ","KGZ","NA","1p5","2"
0.0468224791499315,0.0344810443207528,0.0376977795797825,0.0471769458294115,0.0545054477817729,0.0593264213234969,"2_1p5_NA_KHM","KHM","NA","1p5","2"
-0.0469094720407243,-0.101981013159857,-0.0810362024818937,-0.0514833591693198,-0.0229096080095945,0.00758100866449414,"2_1p5_NA_KOR","KOR","NA","1p5","2"
0.54330475743028,0.402372127642023,0.437340352254438,0.521536741216641,0.632566267668018,0.720900761009019,"2_1p5_NA_KWT","KWT","NA","1p5","2"
0.0233543811560513,0.0175629800644068,0.0194512514542371,0.022498970442808,0.0273048648806469,0.0297838742298348,"2_1p5_NA_LAO","LAO","NA","1p5","2"
0.0138458255655144,0.00968470023771223,0.0109193738981967,0.0127509933202223,0.0160464386959602,0.0201884608352389,"2_1p5_NA_LBN","LBN","NA","1p5","2"
0.00446236423673461,0.00321563682594452,0.00370083041326013,0.00437229977942936,0.00523883703359953,0.00591744220476969,"2_1p5_NA_LBR","LBR","NA","1p5","2"
0.139561994666202,0.105151093025995,0.118349800214448,0.1366721663188,0.156252617138545,0.17601483902398,"2_1p5_NA_LBY","LBY","NA","1p5","2"
0.126069132265893,0.0982435205250849,0.105502736589319,0.121506781935796,0.145518362455325,0.160333862321762,"2_1p5_NA_LKA","LKA","NA","1p5","2"
0.000164634109530006,1.69627765152837e-05,4.82634478597808e-05,0.000117663451010639,0.000273998904012289,0.000356130255300124,"2_1p5_NA_LSO","LSO","NA","1p5","2"
-0.0208057351359603,-0.025447801547342,-0.0233032520405974,-0.0211670142452323,-0.0176686180043677,-0.0160352033829315,"2_1p5_NA_LTU","LTU","NA","1p5","2"
-0.00848398380074122,-0.0118792329304368,-0.010139320496956,-0.00885864790409845,-0.00659709763145431,-0.00487414368017411,"2_1p5_NA_LUX","LUX","NA","1p5","2"
-0.0130656346168966,-0.0157838536778627,-0.0145852723178815,-0.0132503697678885,-0.0113211166754256,-0.0101927917071744,"2_1p5_NA_LVA","LVA","NA","1p5","2"
0.0792202684832686,0.0594791721109114,0.0669899768013748,0.0743741403539396,0.0902855022807257,0.102328586873878,"2_1p5_NA_MAR","MAR","NA","1p5","2"
-0.00112395884410014,-0.00163326482153834,-0.00135069257744446,-0.00108374710892897,-0.000913858248635375,-0.000709993915924294,"2_1p5_NA_MDA","MDA","NA","1p5","2"
0.0161418671153447,0.0122289756082816,0.0135942138019277,0.0157434629414403,0.0186098182331024,0.0198851418518605,"2_1p5_NA_MDG","MDG","NA","1p5","2"
1.2353631874167,0.906915461983348,1.00126253750324,1.19056187936006,1.44402252913889,1.60481973399151,"2_1p5_NA_MEX","MEX","NA","1p5","2"
-0.00185564629659156,-0.00325155648067843,-0.00269348270352905,-0.00176431778699804,-0.0013290649816389,-0.000792542876886348,"2_1p5_NA_MKD","MKD","NA","1p5","2"
0.0396242374633332,0.0305502959586714,0.0331707777075271,0.0375098119321507,0.0451881990860007,0.051425986785517,"2_1p5_NA_MLI","MLI","NA","1p5","2"
0.0907328330889551,0.0670389519529278,0.0760655118934181,0.0885253591041311,0.104705522652245,0.115393415723143,"2_1p5_NA_MMR","MMR","NA","1p5","2"
-0.0015377231692725,-0.0020365979391891,-0.00167481523148776,-0.00150601334451582,-0.00135412732070144,-0.00114393352522744,"2_1p5_NA_MNE","MNE","NA","1p5","2"
-0.0245504911792031,-0.0296148551083374,-0.0274482672117811,-0.0237727393612565,-0.0215148162340898,-0.0199811299886594,"2_1p5_NA_MNG","MNG","NA","1p5","2"
0.0342892876187965,0.0275420372991254,0.0300225350123391,0.0335982888053942,0.0381894836905828,0.0415098654832342,"2_1p5_NA_MOZ","MOZ","NA","1p5","2"
0.0206604465448673,0.0149519254362686,0.0176022199213353,0.0204298240122318,0.0237896028851578,0.0256326844523995,"2_1p5_NA_MRT","MRT","NA","1p5","2"
0.0138078033978724,0.0103834289288583,0.0117507044036819,0.0133349659038277,0.015774481137559,0.0176892049223237,"2_1p5_NA_MUS","MUS","NA","1p5","2"
0.0245841050804667,0.0187940022906415,0.0207077850379951,0.0243341998076718,0.0277151686177278,0.03045713037934,"2_1p5_NA_MWI","MWI","NA","1p5","2"
0.605267795669596,0.460804265448238,0.496174113540102,0.591888688363883,0.702860449909733,0.77550244929621,"2_1p5_NA_MYS","MYS","NA","1p5","2"
0.0201731343812856,0.0154041866672212,0.0166242078645325,0.0194528646446091,0.0229606513764431,0.0268716328896209,"2_1p5_NA_NAM","NAM","NA","1p5","2"
0.0044099020701573,0.00314478781754643,0.00373023994288114,0.0043105071938516,0.00513316379908663,0.00569271972287022,"2_1p5_NA_NCL","NCL","NA","1p5","2"
0.0464610972075321,0.035419572552264,0.0386596643093305,0.0445537687094418,0.0529519561258694,0.0600479030630178,"2_1p5_NA_NER","NER","NA","1p5","2"
0.994632153434102,0.747603531993864,0.821897231813312,0.953807586358674,1.1531875571985,1.3046063323314,"2_1p5_NA_NGA","NGA","NA","1p5","2"
0.0165784872551292,0.0112919759910052,0.0139550282066428,0.0164428895367079,0.018838153692884,0.0216158658616085,"2_1p5_NA_NIC","NIC","NA","1p5","2"
-0.117149779658662,-0.14891604915662,-0.131166241353773,-0.118728701846187,-0.100939243896626,-0.0848826464101135,"2_1p5_NA_NLD","NLD","NA","1p5","2"
-0.20044418124559,-0.235707334448877,-0.217794556279633,-0.20063662499214,-0.180700893363816,-0.163371306391699,"2_1p5_NA_NOR","NOR","NA","1p5","2"
0.0380581777641317,0.0280790607799326,0.0305531608830398,0.0353502466115119,0.0459494806747341,0.0506252461777648,"2_1p5_NA_NPL","NPL","NA","1p5","2"
0.00586508869938544,0.00156361652299546,0.00249180676607133,0.00371149989283327,0.00738428942154668,0.0149243028001674,"2_1p5_NA_NZL","NZL","NA","1p5","2"
0.196080441580933,0.149507396049739,0.162377623257836,0.190976520133758,0.223582712510975,0.251991753705745,"2_1p5_NA_OMN","OMN","NA","1p5","2"
0.737651280610911,0.57230389283901,0.618156798822518,0.715184482660545,0.849733203437549,0.932392280636332,"2_1p5_NA_PAK","PAK","NA","1p5","2"
0.0801336458991504,0.0573614473389706,0.0652956151920112,0.0773917723236057,0.0932961183154274,0.105642371927135,"2_1p5_NA_PAN","PAN","NA","1p5","2"
0.12924393878962,0.0893118522223876,0.0956311612956688,0.12153042452874,0.162813905225099,0.178686927158828,"2_1p5_NA_PER","PER","NA","1p5","2"
0.453252601544956,0.354188385428708,0.379715059506501,0.438282806575727,0.512142518753009,0.575707100471939,"2_1p5_NA_PHL","PHL","NA","1p5","2"
0.0173667027808204,0.0131941734139212,0.014203736366707,0.0166018793638874,0.0201565162700441,0.0229492707549765,"2_1p5_NA_PNG","PNG","NA","1p5","2"
-0.174326917556555,-0.228379710550571,-0.198609717141479,-0.177172781718752,-0.144477818322341,-0.126924052212965,"2_1p5_NA_POL","POL","NA","1p5","2"
0.0613745421609593,0.0405664781401051,0.0499439591944543,0.0578391153788417,0.0682415002636041,0.0789178494443075,"2_1p5_NA_PRT","PRT","NA","1p5","2"
0.0383275761058622,0.0223669767290067,0.0269663040328976,0.0363869432907128,0.04972396441248,0.0565480363971149,"2_1p5_NA_PRY","PRY","NA","1p5","2"
0.745477853973744,0.537452864703922,0.584636397444107,0.691616216212366,0.883885017922418,1.04275685647188,"2_1p5_NA_QAT","QAT","NA","1p5","2"
-0.0273195885363955,-0.0424619530065052,-0.0323636703512818,-0.0265446318258936,-0.019690233082891,-0.0162349246657644,"2_1p5_NA_ROU","ROU","NA","1p5","2"
-1.53690286962313,-1.83289058509356,-1.6889933985879,-1.52879965877408,-1.37858686614412,-1.22278220648644,"2_1p5_NA_RUS","RUS","NA","1p5","2"
0.0169658196515487,0.0128002237065693,0.0139179011561231,0.0163010541785001,0.019356250045425,0.0224805864873226,"2_1p5_NA_RWA","RWA","NA","1p5","2"
2.29207195493125,1.68228136098178,1.89878995832351,2.24601441357066,2.64028766184421,2.886285766921,"2_1p5_NA_SAU","SAU","NA","1p5","2"
0.243289173060645,0.187538719491533,0.203735046855148,0.227582858928804,0.28380204818863,0.319458172365776,"2_1p5_NA_SDN","SDN","NA","1p5","2"
0.0360730344681894,0.0243189240732119,0.0308841090528842,0.0362516460052236,0.0420639112267586,0.0458772004537271,"2_1p5_NA_SEN","SEN","NA","1p5","2"
0.00180531475053083,0.00126928190053567,0.00148993883046933,0.00177348581525568,0.00212722279501439,0.0023714307151777,"2_1p5_NA_SLB","SLB","NA","1p5","2"
0.00892496988348552,0.00641962427854381,0.0074204840542413,0.00880333046494278,0.0103262139425439,0.0118576901122111,"2_1p5_NA_SLE","SLE","NA","1p5","2"
0.0304448316731685,0.0217350529320883,0.0254645267939834,0.0303528122206415,0.034649538099001,0.0400729385867857,"2_1p5_NA_SLV","SLV","NA","1p5","2"
0.000374219410949013,0.000295000199233645,0.000316048108798195,0.000353862797142614,0.00041805948758493,0.000482653025863732,"2_1p5_NA_SOM","SOM","NA","1p5","2"
-0.00938134163056429,-0.0138518853352897,-0.0109814992478687,-0.00934871490253456,-0.00762946525503068,-0.00538548715805038,"2_1p5_NA_SRB","SRB","NA","1p5","2"
0.000630010578814286,0.000451160045026304,0.000538285607802726,0.000636899532219233,0.000723930527791772,0.000781204923461508,"2_1p5_NA_STP","STP","NA","1p5","2"
0.00556412650810054,0.00439265174591833,0.00469362849404481,0.00552149025998116,0.00614443246746685,0.00684400495633094,"2_1p5_NA_SUR","SUR","NA","1p5","2"
-0.0298805304385911,-0.0403451597624012,-0.0340703292175483,-0.0293039066131594,-0.0249543658668489,-0.0218877006813089,"2_1p5_NA_SVK","SVK","NA","1p5","2"
-0.012540919208577,-0.0168645653433755,-0.013939145007965,-0.0122416378716292,-0.0108242219189002,-0.00919250331379323,"2_1p5_NA_SVN","SVN","NA","1p5","2"
-0.233315170484151,-0.275335760336133,-0.255067044365737,-0.234779955030467,-0.209482455008971,-0.18750469083149,"2_1p5_NA_SWE","SWE","NA","1p5","2"
0.00348988009157393,0.00265179595411518,0.00298122594027066,0.00332604282307662,0.00396399607916548,0.00448847416999381,"2_1p5_NA_SWZ","SWZ","NA","1p5","2"
0.0922667211637908,0.0699490645577872,0.0753526219678154,0.0892621108544258,0.106084076254363,0.118712086087258,"2_1p5_NA_SYR","SYR","NA","1p5","2"
0.0354852131546613,0.0275825314769911,0.0298107688993791,0.0332627023460532,0.0411222275559782,0.0462412981576803,"2_1p5_NA_TCD","TCD","NA","1p5","2"
0.00927097236429006,0.00650147119300875,0.00766429150045294,0.00886546949022859,0.0106798158818396,0.0125593032898756,"2_1p5_NA_TGO","TGO","NA","1p5","2"
0.692826982239292,0.509177395326526,0.565930253130732,0.674038830803037,0.817451428986924,0.88330903649669,"2_1p5_NA_THA","THA","NA","1p5","2"
0.00177819637211914,0.000740037644373282,0.000980295587276035,0.00125254063111165,0.00267664808043722,0.00374167825836892,"2_1p5_NA_TJK","TJK","NA","1p5","2"
0.0325925400957987,0.0214321423783101,0.0268333316671213,0.0311739771718374,0.0389815677183319,0.04328960127149,"2_1p5_NA_TKM","TKM","NA","1p5","2"
0.025667111648534,0.0180798030302178,0.0204330318775921,0.0249794854042032,0.0301128264709111,0.0336575372549123,"2_1p5_NA_TTO","TTO","NA","1p5","2"
0.068838991916458,0.0512051280980241,0.0583507234781412,0.0687193730777177,0.077636476256017,0.087153336466045,"2_1p5_NA_TUN","TUN","NA","1p5","2"
0.21921870656981,0.113589762572828,0.152602978188748,0.186997593594004,0.285137850112366,0.36699768515805,"2_1p5_NA_TUR","TUR","NA","1p5","2"
0.0985428511712323,0.0762963917606134,0.0849925847413524,0.0953197766344886,0.110746664118906,0.124302523209444,"2_1p5_NA_TZA","TZA","NA","1p5","2"
0.0810902114668095,0.0589250447398121,0.0678645111134993,0.0778622270643587,0.0934321103279547,0.106404682586665,"2_1p5_NA_UGA","UGA","NA","1p5","2"
-0.061493669721289,-0.0845166481921159,-0.0713331216735123,-0.0595321000128319,-0.0509408971289702,-0.0431285005709998,"2_1p5_NA_UKR","UKR","NA","1p5","2"
0.0177670637769346,0.0100313642285197,0.0131334354391086,0.016819850924617,0.0228813563908386,0.0257503628161937,"2_1p5_NA_URY","URY","NA","1p5","2"
6.5732354553066,4.17507444350587,5.22520601037164,6.39705947539496,7.80109480769969,9.00543961338738,"2_1p5_NA_USA","USA","NA","1p5","2"
0.0364721707624116,0.0254848217734104,0.0287746414407322,0.0329914871674713,0.0450021608662237,0.0518868851407443,"2_1p5_NA_UZB","UZB","NA","1p5","2"
0.000828627537113183,0.000578360845292289,0.0006465098575925,0.000808861876031062,0.000979066553656613,0.00109842762913568,"2_1p5_NA_VCT","VCT","NA","1p5","2"
0.548287904388583,0.389040634798097,0.435018050354447,0.540710088556488,0.627964394865919,0.746085973856866,"2_1p5_NA_VEN","VEN","NA","1p5","2"
0.301997751420015,0.231856484358529,0.25333275660013,0.296427145103838,0.345440087015466,0.385237523134404,"2_1p5_NA_VNM","VNM","NA","1p5","2"
0.000618622639237088,0.000422666975523929,0.000518079593583296,0.000597953275092436,0.000715010061690831,0.000821902259388875,"2_1p5_NA_VUT","VUT","NA","1p5","2"
35.8042016984499,25.7310822630791,28.2818232380496,33.61936990059,42.5256005577995,47.7959992228032,"2_1p5_NA_WLD","WLD","NA","1p5","2"
0.000469261283976753,0.000323696923130571,0.000384155460452476,0.000450410037177973,0.000543689464717345,0.000626308220996625,"2_1p5_NA_WSM","WSM","NA","1p5","2"
0.0899698532742158,0.0670032790121153,0.0737200731738816,0.0847263651320091,0.101642036621164,0.123340300469588,"2_1p5_NA_YEM","YEM","NA","1p5","2"
0.363313017949584,0.269464077049733,0.295231100568562,0.342408231630144,0.425261469030736,0.485565132458364,"2_1p5_NA_ZAF","ZAF","NA","1p5","2"
0.0369094049215544,0.0276405017104624,0.0304297477491158,0.035959854287078,0.0414290019217558,0.0481354927703382,"2_1p5_NA_ZMB","ZMB","NA","1p5","2"
0.00340950659604423,0.00267478839556882,0.00295928771604689,0.00329807241000631,0.00375364449916608,0.00438448531405039,"2_1p5_NA_ZWE","ZWE","NA","1p5","2"
0.449100750835328,0.258562744452595,0.310552412680666,0.389714655724288,0.554254581332921,0.697474397351309,"NA_NA_2p5_AFG","AFG","2p5","NA","NA"
0.690727424774193,0.50655567366952,0.568431217709113,0.6755216543203,0.795663167812884,0.887714246776944,"NA_NA_2p5_AGO","AGO","2p5","NA","NA"
0.0195308207715475,0.0114649309867694,0.0144671551781221,0.0179991590337029,0.0239623302047381,0.0291656037789609,"NA_NA_2p5_ALB","ALB","2p5","NA","NA"
1.68943790650728,1.29150836152138,1.415178347566,1.62194268825574,1.93755549102463,2.14499792429924,"NA_NA_2p5_ARE","ARE","2p5","NA","NA"
0.928542890658969,0.538000166525411,0.695998251673732,0.884469568865555,1.209391964492,1.3557960278899,"NA_NA_2p5_ARG","ARG","2p5","NA","NA"
-0.00755040665080839,-0.0105206879793895,-0.00940064026733258,-0.00781935889361431,-0.00616333714045112,-0.00417186194704701,"NA_NA_2p5_ARM","ARM","2p5","NA","NA"
0.899874543134457,0.630424391351596,0.716067637690059,0.848454591725198,1.06632023872903,1.20355707994584,"NA_NA_2p5_AUS","AUS","2p5","NA","NA"
-0.136948346274801,-0.186872926508514,-0.158278059031956,-0.134191542294542,-0.111175082774506,-0.0991385623851506,"NA_NA_2p5_AUT","AUT","2p5","NA","NA"
0.0542759618634415,0.0326548788097127,0.0391367227738987,0.0494542980889414,0.0685662458385456,0.0806984355943148,"NA_NA_2p5_AZE","AZE","2p5","NA","NA"
0.159098533465766,0.116218289628853,0.131846383462997,0.153768422525471,0.18161193532051,0.208075758793041,"NA_NA_2p5_BDI","BDI","2p5","NA","NA"
-0.0302777548776693,-0.0722896469475624,-0.064370547123423,-0.0362094215013083,-0.00320953041071349,0.0323119341909253,"NA_NA_2p5_BEL","BEL","2p5","NA","NA"
0.292292407701402,0.204955751548321,0.237998374348375,0.286776699421882,0.341109823930379,0.38503500477413,"NA_NA_2p5_BEN","BEN","2p5","NA","NA"
0.892551135690465,0.676887635390748,0.751801122457199,0.880594594682178,1.0141111512083,1.11942659628829,"NA_NA_2p5_BFA","BFA","2p5","NA","NA"
2.31081609123795,1.61513704307722,1.82367671755404,2.23155298844448,2.72107550269403,3.08706654903865,"NA_NA_2p5_BGD","BGD","2p5","NA","NA"
0.00374018306591544,-0.0196197757475111,-0.01000718975416,-0.000523743522783613,0.0158544819437692,0.0339322275932857,"NA_NA_2p5_BGR","BGR","2p5","NA","NA"
0.0177807284573415,0.0135940594705282,0.0150865864813809,0.0174021389178048,0.0199653046120786,0.022313829163498,"NA_NA_2p5_BHS","BHS","2p5","NA","NA"
-0.00655364570817398,-0.0122111536196145,-0.0104041973682607,-0.00704164841183261,-0.00349840657297184,-0.00082176668775409,"NA_NA_2p5_BIH","BIH","2p5","NA","NA"
-0.126469488058528,-0.164980923618251,-0.14595822453355,-0.126073534216656,-0.105896814789773,-0.0917414825429399,"NA_NA_2p5_BLR","BLR","2p5","NA","NA"
0.0105342977154295,0.0079149494097997,0.0089364729376021,0.010492324400977,0.0118490986477793,0.0131906786205037,"NA_NA_2p5_BLZ","BLZ","2p5","NA","NA"
0.314818217076244,0.213255687871619,0.235844898819019,0.289357080282662,0.391294368943439,0.437361469762396,"NA_NA_2p5_BOL","BOL","2p5","NA","NA"
5.24841570240923,3.89172045040783,4.26809418492792,5.03681982313512,6.10920319423903,6.91566705604598,"NA_NA_2p5_BRA","BRA","2p5","NA","NA"
0.0518943399552261,0.0410052932302391,0.0440026534795746,0.0501511514996463,0.0575786612902507,0.0654048691315317,"NA_NA_2p5_BRN","BRN","2p5","NA","NA"
0.0355679229877412,0.0238929215402144,0.0264246162299921,0.0319247069721408,0.0436766460304743,0.0518786117464899,"NA_NA_2p5_BTN","BTN","2p5","NA","NA"
0.112514723567026,0.0834685575424011,0.0925258611718403,0.108383212758548,0.129321936422626,0.148633647131607,"NA_NA_2p5_BWA","BWA","2p5","NA","NA"
0.0807255102514178,0.0612612114298044,0.0673764168085459,0.0780829438376048,0.0921231275160855,0.10357887539429,"NA_NA_2p5_CAF","CAF","2p5","NA","NA"
-1.29528479139703,-1.58505255453118,-1.40940625243203,-1.27629654732517,-1.16302233280163,-1.02297454716499,"NA_NA_2p5_CAN","CAN","2p5","NA","NA"
-0.1713539598461,-0.218267852288562,-0.193197908669361,-0.167300420379242,-0.151430585819329,-0.129505783478298,"NA_NA_2p5_CHE","CHE","2p5","NA","NA"
-0.0534832984120601,-0.0759730622383546,-0.0702385067210963,-0.0552628997876467,-0.0456214178069288,-0.0171546013540538,"NA_NA_2p5_CHL","CHL","2p5","NA","NA"
16.8851412151586,11.7107571067466,13.3133304924151,15.7995515655003,19.518424157755,24.0210157490539,"NA_NA_2p5_CHN","CHN","2p5","NA","NA"
0.634092091718257,0.471676540073684,0.520514396513327,0.616473555794516,0.727080095194888,0.812654055298823,"NA_NA_2p5_CMR","CMR","2p5","NA","NA"
1.84891656485647,1.36906221605252,1.52135078644567,1.79945009961076,2.12332131802768,2.37573441018795,"NA_NA_2p5_COD","COD","2p5","NA","NA"
0.231164605557816,0.170496311378749,0.188530666715653,0.222079540711694,0.264764853376182,0.301765015803226,"NA_NA_2p5_COG","COG","2p5","NA","NA"
1.46128221904419,1.08865173844581,1.18368862258802,1.37646744407582,1.70951427834725,1.92909174116766,"NA_NA_2p5_COL","COL","2p5","NA","NA"
0.0128003686328321,0.00955934510149659,0.0105705299743464,0.0123229897358059,0.0146055926958963,0.0165667605798149,"NA_NA_2p5_COM","COM","2p5","NA","NA"
0.00583808714441362,0.00427369255522341,0.00487377347272869,0.0056954784274646,0.00666509967574739,0.00777595136519576,"NA_NA_2p5_CPV","CPV","2p5","NA","NA"
0.168507441677174,0.119095366210598,0.133939949666988,0.168890055260772,0.193626312419734,0.222882604251718,"NA_NA_2p5_CRI","CRI","2p5","NA","NA"
0.14047510905459,0.108441284731143,0.118540695336287,0.13757082331319,0.158749015892619,0.175543712109066,"NA_NA_2p5_CUB","CUB","2p5","NA","NA"
0.0277416312790269,0.0214256696322562,0.0227988677044311,0.0261510543812129,0.0310970251906122,0.0358212693957528,"NA_NA_2p5_CYP","CYP","2p5","NA","NA"
-0.179822491734924,-0.25065093933799,-0.211782887748203,-0.177281384324366,-0.141467804523051,-0.127444343942504,"NA_NA_2p5_CZE","CZE","2p5","NA","NA"
-0.66883050996572,-0.957941635008671,-0.805697242578903,-0.707093007366912,-0.48004341566224,-0.388338107738118,"NA_NA_2p5_DEU","DEU","2p5","NA","NA"
0.0347622456244899,0.0264771718311624,0.0292913756947164,0.0335354520622787,0.0395560597484773,0.0444921374682852,"NA_NA_2p5_DJI","DJI","2p5","NA","NA"
-0.0951446188714018,-0.12035057230445,-0.108355467822943,-0.0956276747917531,-0.0817588148905053,-0.0669429615956686,"NA_NA_2p5_DNK","DNK","2p5","NA","NA"
0.327663949557949,0.239142904864996,0.276509617976822,0.328644086210087,0.374231606571696,0.414429797486788,"NA_NA_2p5_DOM","DOM","2p5","NA","NA"
0.69665676296014,0.505074033792021,0.580491286603772,0.674132317188144,0.793113292833388,0.914384704861544,"NA_NA_2p5_DZA","DZA","2p5","NA","NA"
0.3523714032954,0.249610352735661,0.274478115097139,0.334803760939147,0.421502632197411,0.468604787662223,"NA_NA_2p5_ECU","ECU","2p5","NA","NA"
3.3544204990576,2.57522146258938,2.86671192416047,3.28337240686554,3.73822531815176,4.2207775543492,"NA_NA_2p5_EGY","EGY","2p5","NA","NA"
0.0601796576349353,0.0447219601397239,0.0499808118308704,0.0584733975296227,0.0688250457291429,0.0777966124288191,"NA_NA_2p5_ERI","ERI","2p5","NA","NA"
0.849763638525626,0.573408726057883,0.673086176528783,0.801111041052784,0.972340333772104,1.164732588072,"NA_NA_2p5_ESP","ESP","2p5","NA","NA"
-0.0361294953647183,-0.0439714334632129,-0.0407678161667807,-0.0358397183121497,-0.0310729935598737,-0.0284602569493453,"NA_NA_2p5_EST","EST","2p5","NA","NA"
1.90774874869265,1.33773676819659,1.51403455612152,1.81394682601402,2.24721399143029,2.6150644153951,"NA_NA_2p5_ETH","ETH","2p5","NA","NA"
-0.325117457725988,-0.384941286147132,-0.352579170631715,-0.322101288677098,-0.293816978533267,-0.267935990902039,"NA_NA_2p5_FIN","FIN","2p5","NA","NA"
0.0113464891857848,0.0078973221527421,0.00927696148998414,0.0111127451491984,0.0128850821513333,0.0151611528122755,"NA_NA_2p5_FJI","FJI","2p5","NA","NA"
0.247645324940682,-0.0863046172482724,0.0691443765917994,0.187495016956447,0.401043454933086,0.606812335591328,"NA_NA_2p5_FRA","FRA","2p5","NA","NA"
0.0860842237069193,0.0644116940131735,0.0720152915219792,0.0841207935393871,0.0985683836745675,0.108263672636144,"NA_NA_2p5_GAB","GAB","2p5","NA","NA"
-0.472909908731613,-0.657731299891555,-0.584411403433934,-0.48480688726511,-0.398489995485343,-0.15691587570059,"NA_NA_2p5_GBR","GBR","2p5","NA","NA"
0.00949899650738417,0.00268017879934159,0.00476558898054518,0.00766091999525334,0.0133776872604301,0.0188195592351634,"NA_NA_2p5_GEO","GEO","2p5","NA","NA"
0.960244885992426,0.672705224466358,0.789068778703788,0.946376501130112,1.10994541692212,1.24964454070416,"NA_NA_2p5_GHA","GHA","2p5","NA","NA"
0.465910286562362,0.339690892521019,0.38050018430461,0.455864389566257,0.538833743700353,0.604073700754135,"NA_NA_2p5_GIN","GIN","2p5","NA","NA"
0.0548915365587014,0.0383747095037417,0.0452228233415239,0.0551570352873293,0.0638503417657433,0.0713115484173239,"NA_NA_2p5_GMB","GMB","2p5","NA","NA"
0.0460062774869829,0.0321751854007756,0.038461055275757,0.0457681314321357,0.0535795436108642,0.0589863478700183,"NA_NA_2p5_GNB","GNB","2p5","NA","NA"
0.075140102314782,0.0565749230341196,0.0627290695200251,0.0743286665243747,0.0861977455317106,0.0957728659229667,"NA_NA_2p5_GNQ","GNQ","2p5","NA","NA"
0.228155146098907,0.15030588062563,0.178273321153841,0.208927334744643,0.27148427811063,0.328795563542384,"NA_NA_2p5_GRC","GRC","2p5","NA","NA"
0.543141161955319,0.389592670655625,0.444863904212175,0.531104913229976,0.619772119137929,0.717774572491433,"NA_NA_2p5_GTM","GTM","2p5","NA","NA"
0.0131104984129688,0.0102501256709391,0.0111587127022328,0.0127686175694306,0.0143998983858818,0.0165253080442069,"NA_NA_2p5_GUY","GUY","2p5","NA","NA"
0.255764887090029,0.182651592679411,0.211628576049733,0.254283834203828,0.292952855179246,0.329000424943157,"NA_NA_2p5_HND","HND","2p5","NA","NA"
0.0158687894662255,0.00407260596430245,0.00880819114868499,0.0143513660143354,0.0225524099087995,0.0289700819731494,"NA_NA_2p5_HRV","HRV","2p5","NA","NA"
0.159172438309406,0.11630739500748,0.133170598208497,0.156360595098056,0.181130715398047,0.205752096481412,"NA_NA_2p5_HTI","HTI","2p5","NA","NA"
0.0139520371531088,-0.0188774286427723,-0.0142143179691558,0.00457610377936631,0.0348012921194893,0.0555752904997727,"NA_NA_2p5_HUN","HUN","2p5","NA","NA"
6.6791400575477,5.13893603654874,5.60640200394153,6.51274787917558,7.57082529501026,8.49263213365632,"NA_NA_2p5_IDN","IDN","2p5","NA","NA"
42.8070136518684,31.9046573181479,35.544279596348,41.7046673542527,49.0078855215329,55.0257209664673,"NA_NA_2p5_IND","IND","2p5","NA","NA"
-0.0739351550257424,-0.0882929158756761,-0.0811343832038849,-0.0740977231622195,-0.0668338213374004,-0.0576560409118465,"NA_NA_2p5_IRL","IRL","2p5","NA","NA"
1.4493892825502,1.04790898813067,1.14745302705031,1.41392510636853,1.70636701440155,1.90941777690669,"NA_NA_2p5_IRN","IRN","2p5","NA","NA"
1.32271555424779,1.01479755763641,1.11132943051501,1.29092371485157,1.50515694740556,1.6508408263754,"NA_NA_2p5_IRQ","IRQ","2p5","NA","NA"
-0.0314978564349772,-0.0415908225039588,-0.0370989079291178,-0.0314661508476578,-0.0266273264659334,-0.0205864806509926,"NA_NA_2p5_ISL","ISL","2p5","NA","NA"
0.755620696244582,0.582749998006435,0.631287567401576,0.726037875694713,0.843269409273595,0.977872206023725,"NA_NA_2p5_ISR","ISR","2p5","NA","NA"
0.694170208074162,0.384245059819564,0.515546590691276,0.660472908959927,0.864718275924752,1.03492332812116,"NA_NA_2p5_ITA","ITA","2p5","NA","NA"
0.0314767603254355,0.0231630756408919,0.0261000740507159,0.0306083943541091,0.0360626923192228,0.039983839911357,"NA_NA_2p5_JAM","JAM","2p5","NA","NA"
0.275160461730673,0.207881857729782,0.226209471176463,0.265235176325934,0.311528032527227,0.361907459968404,"NA_NA_2p5_JOR","JOR","2p5","NA","NA"
1.45550954320715,0.975783163485079,1.13891135822376,1.36227210493026,1.73664135840057,2.06074312262011,"NA_NA_2p5_JPN","JPN","2p5","NA","NA"
-0.305738804583674,-0.391624422700177,-0.339822992378383,-0.295510812809066,-0.268863464269234,-0.242671229093703,"NA_NA_2p5_KAZ","KAZ","2p5","NA","NA"
0.85740009462977,0.630415886566633,0.700395312795125,0.815729380261935,0.986335445370505,1.13742091582663,"NA_NA_2p5_KEN","KEN","2p5","NA","NA"
-0.0234438383675711,-0.0333810975966818,-0.0292549325726622,-0.0249826231496139,-0.0174850413866912,-0.0128734305108739,"NA_NA_2p5_KGZ","KGZ","2p5","NA","NA"
0.351783985532131,0.258946407114398,0.295274169734352,0.348497858552686,0.400448992244281,0.445477763666087,"NA_NA_2p5_KHM","KHM","2p5","NA","NA"
0.0521878232175612,-0.12566533170312,-0.0643602326503737,0.0201083840106692,0.125466025930389,0.297257514385452,"NA_NA_2p5_KOR","KOR","2p5","NA","NA"
0.696946799860551,0.542658538815489,0.588169011840569,0.686875445681878,0.787707986263938,0.859007822853365,"NA_NA_2p5_KWT","KWT","2p5","NA","NA"
0.164905289776582,0.122219250869373,0.136435885474553,0.159176339323711,0.190099779598941,0.209368727545641,"NA_NA_2p5_LAO","LAO","2p5","NA","NA"
0.054479937275428,0.0370062659250291,0.0430667398999972,0.050318368282223,0.0627159001695672,0.0782354017893138,"NA_NA_2p5_LBN","LBN","2p5","NA","NA"
0.153311137903756,0.108586761041465,0.125299729953258,0.151620305792277,0.179770601316754,0.202732847641534,"NA_NA_2p5_LBR","LBR","2p5","NA","NA"
0.345472683397196,0.260169507640436,0.296037449099629,0.335486499681008,0.386684506434113,0.43534583186718,"NA_NA_2p5_LBY","LBY","2p5","NA","NA"
0.647775731684338,0.494744245410582,0.542605275628548,0.628342316591398,0.734840781464257,0.81795207393941,"NA_NA_2p5_LKA","LKA","2p5","NA","NA"
0.0103803529238367,0.00519284025730841,0.0060710732954244,0.00896225128950968,0.0140871117204658,0.0169974622490447,"NA_NA_2p5_LSO","LSO","2p5","NA","NA"
-0.0399771085696904,-0.0505889378651075,-0.0455132350404187,-0.0402292730448987,-0.0337175947621718,-0.0297560678489368,"NA_NA_2p5_LTU","LTU","2p5","NA","NA"
-0.00929410882196309,-0.0135250128928522,-0.0116144190454443,-0.00993206267964408,-0.0066037665741535,-0.00499760914522555,"NA_NA_2p5_LUX","LUX","2p5","NA","NA"
-0.0292965071911084,-0.0363726449392363,-0.0332985191164777,-0.0296254714821459,-0.0247246494462814,-0.0221948679323629,"NA_NA_2p5_LVA","LVA","2p5","NA","NA"
0.630042016759865,0.461667389924035,0.528824439769727,0.595459508152407,0.710698246371769,0.819624509058224,"NA_NA_2p5_MAR","MAR","2p5","NA","NA"
-0.00172222322124305,-0.0051181463129975,-0.00439951506369594,-0.00243324880872816,0.000610982747897301,0.00225996322929615,"NA_NA_2p5_MDA","MDA","2p5","NA","NA"
0.389199660564088,0.284054237947341,0.315887818428275,0.384758262746255,0.452480219192631,0.502390585683962,"NA_NA_2p5_MDG","MDG","2p5","NA","NA"
3.82921739031847,2.76959101145923,3.07023345189337,3.73376570039252,4.45554687360572,4.9771044387873,"NA_NA_2p5_MEX","MEX","2p5","NA","NA"
-0.000166425610379265,-0.00672567516805745,-0.00448099895431422,-0.00151409481875413,0.00368236342340775,0.00725472933649728,"NA_NA_2p5_MKD","MKD","2p5","NA","NA"
0.641773317412764,0.48830717898696,0.545110518610187,0.630958751664026,0.718411036972507,0.801587208781084,"NA_NA_2p5_MLI","MLI","2p5","NA","NA"
0.366055164494429,0.272423163735031,0.305624620676952,0.356449174339876,0.420370993023006,0.467238787132375,"NA_NA_2p5_MMR","MMR","2p5","NA","NA"
-0.0027960907526117,-0.0040494643347622,-0.00337181506093905,-0.00272221454745741,-0.00225288270050751,-0.00184415001138657,"NA_NA_2p5_MNE","MNE","2p5","NA","NA"
-0.183803769035595,-0.223318310454735,-0.205676101151692,-0.177487434611815,-0.160123752961059,-0.147961476871821,"NA_NA_2p5_MNG","MNG","2p5","NA","NA"
0.68686860208276,0.535466115372724,0.58887166026981,0.672264840513719,0.765887507041223,0.862421879976346,"NA_NA_2p5_MOZ","MOZ","2p5","NA","NA"
0.14875212153468,0.111103215832547,0.12701644688542,0.147167328378248,0.167946568975409,0.185237388104377,"NA_NA_2p5_MRT","MRT","2p5","NA","NA"
0.0432341120193153,0.0325039074292314,0.0364455309629088,0.0417138670507549,0.0489463138404871,0.0554483870845641,"NA_NA_2p5_MUS","MUS","2p5","NA","NA"
0.626668570187123,0.474037965107855,0.527708807262561,0.611946399510569,0.705001413460069,0.801169989628112,"NA_NA_2p5_MWI","MWI","2p5","NA","NA"
1.88571536200079,1.45486083959175,1.56448293930606,1.82682684602941,2.14933559175508,2.37810334312099,"NA_NA_2p5_MYS","MYS","2p5","NA","NA"
0.083350713349842,0.0631363796942259,0.0692565765364127,0.0805815539442799,0.0947164550622143,0.109986285646341,"NA_NA_2p5_NAM","NAM","2p5","NA","NA"
0.00889502164502964,0.00645157442988918,0.00753008382262848,0.00870269319089963,0.0103105917331274,0.0113039321768283,"NA_NA_2p5_NCL","NCL","2p5","NA","NA"
1.0449087335743,0.788653681511734,0.879231362230158,1.02778777604502,1.17833987343733,1.31517125802434,"NA_NA_2p5_NER","NER","2p5","NA","NA"
11.5108537458692,8.58522655612677,9.51589454951059,11.2172387929019,13.0558551023552,14.8398318924636,"NA_NA_2p5_NGA","NGA","2p5","NA","NA"
0.154554090119172,0.109936100163903,0.127650412508986,0.153724884075428,0.175986228661159,0.198091218112882,"NA_NA_2p5_NIC","NIC","2p5","NA","NA"
-0.175818696559523,-0.234602210876308,-0.203916159303071,-0.178670951974313,-0.146681439565761,-0.109088535246198,"NA_NA_2p5_NLD","NLD","2p5","NA","NA"
-0.288598555353542,-0.34175699087738,-0.314907949574905,-0.284965282575045,-0.259489267953468,-0.235901324806025,"NA_NA_2p5_NOR","NOR","2p5","NA","NA"
0.497295845810469,0.358746051103329,0.391699527732245,0.47169784791233,0.591634246534982,0.664893583039272,"NA_NA_2p5_NPL","NPL","2p5","NA","NA"
0.0256499896017292,0.0107779678658335,0.0141110339110202,0.0185861891752586,0.0307360712746967,0.0544253061511952,"NA_NA_2p5_NZL","NZL","2p5","NA","NA"
0.362307764527879,0.284546485104104,0.307595956412062,0.353835401760525,0.407443794892321,0.448787558565177,"NA_NA_2p5_OMN","OMN","2p5","NA","NA"
5.6654990146999,4.35601944837381,4.79329667966856,5.54707210939443,6.37398627418639,7.0500389066588,"NA_NA_2p5_PAK","PAK","2p5","NA","NA"
0.242693788506907,0.17817711708595,0.200011666967802,0.236325633524482,0.281314173444698,0.314663922954143,"NA_NA_2p5_PAN","PAN","2p5","NA","NA"
0.601191396934468,0.397004363815212,0.43382990609789,0.563873126101778,0.751612824958141,0.840877944817899,"NA_NA_2p5_PER","PER","2p5","NA","NA"
2.50982728059353,1.92326017470572,2.09148616497352,2.43496221357105,2.85405872390156,3.1913276971825,"NA_NA_2p5_PHL","PHL","2p5","NA","NA"
0.170829641038553,0.123911122987655,0.136914716174204,0.16497757734865,0.198484939923855,0.226626614724134,"NA_NA_2p5_PNG","PNG","2p5","NA","NA"
-0.31998949061305,-0.45181538072094,-0.385613340898432,-0.328498718770063,-0.242974409355486,-0.202379607298266,"NA_NA_2p5_POL","POL","2p5","NA","NA"
0.148906505022745,0.0951749270208538,0.118420671791239,0.140803099830106,0.168552212571282,0.193905441348173,"NA_NA_2p5_PRT","PRT","2p5","NA","NA"
0.260612397081819,0.145692527658197,0.189917563519795,0.255158443987054,0.328695992852189,0.375471186305317,"NA_NA_2p5_PRY","PRY","2p5","NA","NA"
0.64559227572345,0.496669667274804,0.539971727644028,0.628068933490843,0.738446388583933,0.824189285039345,"NA_NA_2p5_QAT","QAT","2p5","NA","NA"
-0.0316560363740882,-0.0777532033222127,-0.0638946947689243,-0.0381482200611195,-0.00403053200548646,0.0175126541938501,"NA_NA_2p5_ROU","ROU","2p5","NA","NA"
-4.02244136636742,-4.86358280172452,-4.42413044615484,-3.95028058917445,-3.56344065867116,-3.2391022531538,"NA_NA_2p5_RUS","RUS","2p5","NA","NA"
0.27447117841861,0.201325752021663,0.225122393214104,0.265062475102473,0.313850895296886,0.361910109994461,"NA_NA_2p5_RWA","RWA","2p5","NA","NA"
3.43791124123012,2.65765032123043,2.96420457169304,3.39885996351863,3.85954846650481,4.21997577730166,"NA_NA_2p5_SAU","SAU","2p5","NA","NA"
2.36969292101364,1.7998219844027,1.99898151517746,2.30692199983605,2.67927849708918,3.00040681009263,"NA_NA_2p5_SDN","SDN","2p5","NA","NA"
0.44502491851302,0.306165993373155,0.374099902588005,0.44987051519831,0.515824837543765,0.57529766429478,"NA_NA_2p5_SEN","SEN","2p5","NA","NA"
0.0151138117008295,0.010645315399057,0.012448244452234,0.0148110436015514,0.0173897448229817,0.0195300164702773,"NA_NA_2p5_SLB","SLB","2p5","NA","NA"
0.151197781936859,0.106024051663009,0.123466189157298,0.148516201411068,0.175887702512306,0.196986448598877,"NA_NA_2p5_SLE","SLE","2p5","NA","NA"
0.110127024753108,0.0798619683156472,0.0917380150314001,0.10825623388481,0.125021191961194,0.143521568997242,"NA_NA_2p5_SLV","SLV","2p5","NA","NA"
0.0211908703870963,0.0161287040520372,0.0177247428561365,0.0203496960549046,0.0241086750809363,0.0273723641722552,"NA_NA_2p5_SOM","SOM","2p5","NA","NA"
-0.0115414861635302,-0.0242673186105367,-0.0212920410722529,-0.0132469056167534,-0.00405416400298969,0.00205354438678685,"NA_NA_2p5_SRB","SRB","2p5","NA","NA"
0.00550836965720685,0.00397802397491813,0.00465884466237884,0.00551124534069057,0.00632146278167502,0.00695051683604608,"NA_NA_2p5_STP","STP","2p5","NA","NA"
0.0228220792679114,0.0180532040753159,0.0195895613596713,0.0225105491208444,0.0253418631811544,0.0280675390796493,"NA_NA_2p5_SUR","SUR","2p5","NA","NA"
-0.0562038984281089,-0.0844025936153787,-0.0687418340335822,-0.0575782195073147,-0.0387086045227656,-0.0352155514585226,"NA_NA_2p5_SVK","SVK","2p5","NA","NA"
-0.0197400674098867,-0.0295222878579071,-0.0243817227176168,-0.0197834521402283,-0.0144367747535856,-0.0121942904965287,"NA_NA_2p5_SVN","SVN","2p5","NA","NA"
-0.415445304034574,-0.494549486666613,-0.454394333988563,-0.411118893641765,-0.371285283146968,-0.335095421427875,"NA_NA_2p5_SWE","SWE","2p5","NA","NA"
0.0229157135157868,0.0172198665015522,0.0192239528874168,0.0220669425149132,0.0263870412281828,0.0296596703627166,"NA_NA_2p5_SWZ","SWZ","2p5","NA","NA"
0.700810226117913,0.523817991986648,0.573138714351943,0.682548788114839,0.801450763263593,0.903159095967472,"NA_NA_2p5_SYR","SYR","2p5","NA","NA"
0.536188175211474,0.404843483599408,0.451052007613753,0.523802313130358,0.606648580174893,0.680825256527722,"NA_NA_2p5_TCD","TCD","2p5","NA","NA"
0.144566738560354,0.101399897886896,0.118432600058881,0.142001020630549,0.167224802776459,0.190014296566283,"NA_NA_2p5_TGO","TGO","2p5","NA","NA"
2.97821598683959,2.20029657958544,2.47426320192862,2.89602878702402,3.42783045524462,3.74386763352134,"NA_NA_2p5_THA","THA","2p5","NA","NA"
0.0408748283340038,0.0240190265855544,0.0284569542493355,0.0347178934459404,0.0547758433339499,0.0668889967404629,"NA_NA_2p5_TJK","TJK","2p5","NA","NA"
0.142760485400797,0.0941005984890022,0.118940263640349,0.138647535005094,0.168124095493257,0.187424513678061,"NA_NA_2p5_TKM","TKM","2p5","NA","NA"
0.0468538280714563,0.0338784771451522,0.0382933284907382,0.045882032192217,0.0540034089546083,0.0606930507792896,"NA_NA_2p5_TTO","TTO","2p5","NA","NA"
0.313556303179344,0.233519603038991,0.267589257421667,0.307790165011084,0.356191451272371,0.397851428223909,"NA_NA_2p5_TUN","TUN","2p5","NA","NA"
0.920905100107276,0.515430671571557,0.654271641375498,0.816006820759684,1.14099145301779,1.46347055622549,"NA_NA_2p5_TUR","TUR","2p5","NA","NA"
1.5982525077489,1.21863266768335,1.34440858486079,1.5403533294168,1.80896541763355,2.03965265539551,"NA_NA_2p5_TZA","TZA","2p5","NA","NA"
1.73757655554575,1.26074080908321,1.43122571541309,1.69950687150214,1.994107666947,2.26530179230853,"NA_NA_2p5_UGA","UGA","2p5","NA","NA"
-0.155183529871707,-0.261461547702835,-0.219079290396871,-0.169730891441167,-0.0837117966122757,-0.0448335290229104,"NA_NA_2p5_UKR","UKR","2p5","NA","NA"
0.0551425273423529,0.0313660517489301,0.0405656418423604,0.0526727230879975,0.0702354684736647,0.0799113879177037,"NA_NA_2p5_URY","URY","2p5","NA","NA"
9.11632266350803,5.92003438665855,7.33435066998926,8.94891837745273,10.7498464808874,12.2832332288047,"NA_NA_2p5_USA","USA","2p5","NA","NA"
0.299345775813074,0.19999358904177,0.238949973403775,0.280132702124932,0.365972778236018,0.411532450177463,"NA_NA_2p5_UZB","UZB","2p5","NA","NA"
0.00225683781044811,0.00161337429755367,0.00179100063842928,0.00221427344401239,0.00263109381306518,0.00296293711823376,"NA_NA_2p5_VCT","VCT","2p5","NA","NA"
1.40996115651743,1.04202722007073,1.16035474171016,1.37877378673965,1.60567425484165,1.86295981663732,"NA_NA_2p5_VEN","VEN","2p5","NA","NA"
1.7873815087181,1.35145970989203,1.49038367496284,1.7166043489658,2.03234486071657,2.26753838422867,"NA_NA_2p5_VNM","VNM","2p5","NA","NA"
0.00572075601202775,0.00391759992217612,0.00459300633886252,0.00554740200670078,0.00662368064976437,0.00770993906916293,"NA_NA_2p5_VUT","VUT","2p5","NA","NA"
160.043821508564,118.22420011277,130.358093699997,154.513344513942,186.024794932475,206.040051099022,"NA_NA_2p5_WLD","WLD","2p5","NA","NA"
0.00195992119186468,0.0013474118618024,0.00158918328054858,0.00191098997645874,0.00228986591455147,0.00262019038761339,"NA_NA_2p5_WSM","WSM","2p5","NA","NA"
0.712124917040464,0.528046753550212,0.59083315208306,0.681541213665336,0.809916982193835,0.935583008879917,"NA_NA_2p5_YEM","YEM","2p5","NA","NA"
1.26635910162758,0.917263205290899,1.01841080145221,1.20977958105821,1.48415177764097,1.68770724837566,"NA_NA_2p5_ZAF","ZAF","2p5","NA","NA"
0.648620239401627,0.481359370141702,0.538348305064225,0.627846173954753,0.731972581379007,0.850263227020824,"NA_NA_2p5_ZMB","ZMB","2p5","NA","NA"
0.109450139699972,0.082002680303236,0.0907924046708714,0.105682786118676,0.1238744730339,0.143054094317534,"NA_NA_2p5_ZWE","ZWE","2p5","NA","NA"
0.293143310529725,0.167923490477764,0.201353821021796,0.251643688680983,0.360066812313497,0.4537723310366,"NA_NA_3_AFG","AFG","3","NA","NA"
0.489204984371935,0.36165016021191,0.40353079145041,0.479337272123279,0.562726334391091,0.627683784078792,"NA_NA_3_AGO","AGO","3","NA","NA"
0.0144376022974395,0.00861368111593562,0.0106867262295236,0.0133585821874448,0.0175259390345094,0.0214649452405269,"NA_NA_3_ALB","ALB","3","NA","NA"
1.34254861708502,1.03349191047149,1.12668997777979,1.29016488262286,1.54353369179459,1.70583031201547,"NA_NA_3_ARE","ARE","3","NA","NA"
0.703280950092957,0.406968719517436,0.528798066369819,0.666702433579493,0.912358104622957,1.02408219680251,"NA_NA_3_ARG","ARG","3","NA","NA"
-0.00694669288213335,-0.00944377231535659,-0.00828895632954549,-0.006923445498128,-0.0059913963228601,-0.00489691264553327,"NA_NA_3_ARM","ARM","3","NA","NA"
0.674573435284703,0.480852500392822,0.539713201544025,0.637979954099178,0.795877700299605,0.898686102849484,"NA_NA_3_AUS","AUS","3","NA","NA"
-0.119641819579435,-0.158843108378418,-0.134612512764894,-0.116079945979337,-0.10307879111037,-0.0883800401047058,"NA_NA_3_AUT","AUT","3","NA","NA"
0.0385147377104476,0.0233724132250528,0.0277306996728428,0.0349408947896628,0.0491832231954705,0.0574051391271125,"NA_NA_3_AZE","AZE","3","NA","NA"
0.108210770805592,0.0794759764934052,0.0897054673797078,0.105059779718387,0.123363477658369,0.141616402973717,"NA_NA_3_BDI","BDI","3","NA","NA"
-0.033864710747896,-0.0646776177882214,-0.0566765478864376,-0.0390060219208876,-0.0157860865619369,0.0130471059808401,"NA_NA_3_BEL","BEL","3","NA","NA"
0.201748702233063,0.141665659138407,0.164526803192535,0.196973918724656,0.234928551920397,0.265954546205699,"NA_NA_3_BEN","BEN","3","NA","NA"
0.615370654092388,0.469242728401851,0.517669027543559,0.608456639894711,0.698508669517699,0.768991329157041,"NA_NA_3_BFA","BFA","3","NA","NA"
1.67781345311138,1.18174571790341,1.32583492476221,1.6186798603016,1.97549648875287,2.23064741940476,"NA_NA_3_BGD","BGD","3","NA","NA"
-0.00181110834013364,-0.0181713632702159,-0.0127575666133286,-0.00423411552578188,0.0068696103123359,0.019007821012277,"NA_NA_3_BGR","BGR","3","NA","NA"
0.0140220552631035,0.010761438411056,0.0119534797138131,0.0136868799908854,0.0157390677527555,0.0175898451745209,"NA_NA_3_BHS","BHS","3","NA","NA"
-0.00659497231980203,-0.011276824596002,-0.00909686694009466,-0.00668704254585973,-0.00424530447501636,-0.00269455824505439,"NA_NA_3_BIH","BIH","3","NA","NA"
-0.107880218893358,-0.137865230857735,-0.123062717284955,-0.106720426653371,-0.0906788111783829,-0.0804221267807319,"NA_NA_3_BLR","BLR","3","NA","NA"
0.00782571173875914,0.00591833137922116,0.00664246312385209,0.00778795458062909,0.00880896981366406,0.00973596922061603,"NA_NA_3_BLZ","BLZ","3","NA","NA"
0.225339704134499,0.152547054449993,0.169274208121136,0.207387996809476,0.278851914927806,0.31079401938629,"NA_NA_3_BOL","BOL","3","NA","NA"
4.06439016119022,3.05656807514484,3.31563598755863,3.86780985911396,4.72310526351002,5.3228550794596,"NA_NA_3_BRA","BRA","3","NA","NA"
0.0407086256714454,0.0323352982673818,0.0346526536002147,0.039489092763546,0.0450008915675248,0.0513003410133136,"NA_NA_3_BRN","BRN","3","NA","NA"
0.0257978561852117,0.0174953967273249,0.0193327608071046,0.0232246473550075,0.0314497751623441,0.0375164848297795,"NA_NA_3_BTN","BTN","3","NA","NA"
0.085928201300514,0.0640855065046907,0.0707431103776363,0.0828212304107472,0.0984151702645648,0.113219706887494,"NA_NA_3_BWA","BWA","3","NA","NA"
0.0558149883751329,0.0424559805209995,0.046737440496687,0.053864837819184,0.0632955949099396,0.0712640038093416,"NA_NA_3_CAF","CAF","3","NA","NA"
-1.08801612574604,-1.31498018123209,-1.16896964085395,-1.07225340139794,-0.99400521214818,-0.900789143995997,"NA_NA_3_CAN","CAN","3","NA","NA"
-0.145991417558963,-0.183843797659351,-0.161131130807297,-0.143135281237609,-0.128569332406741,-0.112756286567867,"NA_NA_3_CHE","CHE","3","NA","NA"
-0.050660057071432,-0.0654213456713464,-0.0607552531547736,-0.0529250380143165,-0.0440936906484325,-0.0272967398717169,"NA_NA_3_CHL","CHL","3","NA","NA"
12.9608744955481,9.10598117229036,10.2463958238108,12.0987834314004,14.9201161773761,18.217733604288,"NA_NA_3_CHN","CHN","3","NA","NA"
0.450715021851272,0.338383492538872,0.371664558268227,0.437426570546261,0.517019868483427,0.575131465432261,"NA_NA_3_CMR","CMR","3","NA","NA"
1.25651357724532,0.932300131268396,1.03984162834856,1.22219743552266,1.44314930509906,1.61452114808018,"NA_NA_3_COD","COD","3","NA","NA"
0.167967070504406,0.125207382931375,0.137614965432275,0.161031638042389,0.191600092715875,0.220315040814212,"NA_NA_3_COG","COG","3","NA","NA"
1.09150821197234,0.820303814558063,0.887715536214009,1.02312858903798,1.28119576064863,1.44475127184882,"NA_NA_3_COL","COL","3","NA","NA"
0.00886844092085485,0.00666208274538156,0.00735243203644174,0.00851789851948318,0.0101283399622462,0.0114237344087246,"NA_NA_3_COM","COM","3","NA","NA"
0.00431969501955951,0.00318247395422802,0.00361197059486017,0.00423097775213079,0.00494298727105934,0.00575651081230603,"NA_NA_3_CPV","CPV","3","NA","NA"
0.127808776476617,0.0917959422720808,0.102228925942268,0.127220724776019,0.146133726586648,0.168227779896917,"NA_NA_3_CRI","CRI","3","NA","NA"
0.110181174269578,0.085767405126299,0.0933764679961862,0.107592103042492,0.124483411364379,0.136976870116353,"NA_NA_3_CUB","CUB","3","NA","NA"
0.0212055063459429,0.0165230131515284,0.0175994353862125,0.0200315027620788,0.0237435750539945,0.0271976754345806,"NA_NA_3_CYP","CYP","3","NA","NA"
-0.153832395501399,-0.208853045092064,-0.177498218179822,-0.149609329798977,-0.129662829779277,-0.111961979220935,"NA_NA_3_CZE","CZE","3","NA","NA"
-0.604079235393479,-0.832194402749694,-0.700626015779642,-0.61774745363821,-0.469521686251821,-0.387871272175766,"NA_NA_3_DEU","DEU","3","NA","NA"
0.0252803599288335,0.0193537652286802,0.0213975022729544,0.0244294069749802,0.0289006554666394,0.0324363512629761,"NA_NA_3_DJI","DJI","3","NA","NA"
-0.0790661950456049,-0.0982135453647806,-0.0888541042724074,-0.0793034438019951,-0.0688622267481933,-0.0597149141405249,"NA_NA_3_DNK","DNK","3","NA","NA"
0.250005401997372,0.18293850233909,0.212641206596417,0.249280797267266,0.284311837492937,0.315593913052893,"NA_NA_3_DOM","DOM","3","NA","NA"
0.516584976617745,0.378054507914891,0.432170476433593,0.502619653672301,0.589011659824156,0.673570724765927,"NA_NA_3_DZA","DZA","3","NA","NA"
0.25919953354854,0.185380272204865,0.202470458314296,0.24555982146092,0.308828966931103,0.343553741964387,"NA_NA_3_ECU","ECU","3","NA","NA"
2.47946725274519,1.9151191907769,2.12715740990026,2.42078734023115,2.75601303308224,3.11084031317827,"NA_NA_3_EGY","EGY","3","NA","NA"
0.0405632213491706,0.0303368141655329,0.0338045777115983,0.0392198674807527,0.0464441699744004,0.0524854911934671,"NA_NA_3_ERI","ERI","3","NA","NA"
0.639973868017713,0.437960277069225,0.510711177799489,0.603762648938393,0.727746697079908,0.866842219155019,"NA_NA_3_ESP","ESP","3","NA","NA"
-0.0299259118912763,-0.0359994885277013,-0.0334222184750619,-0.0297900378839148,-0.0261991823819424,-0.0237601588083707,"NA_NA_3_EST","EST","3","NA","NA"
1.30297852791951,0.918537892115791,1.03314667748031,1.23781503295432,1.53881125323623,1.78003780190725,"NA_NA_3_ETH","ETH","3","NA","NA"
-0.263095424601572,-0.309774151457423,-0.283977488497372,-0.262500309415082,-0.238511567434984,-0.216885254417431,"NA_NA_3_FIN","FIN","3","NA","NA"
0.00833831948216321,0.00582396419267454,0.00684268571404025,0.00817026553276485,0.00950140307819087,0.0110228158391155,"NA_NA_3_FJI","FJI","3","NA","NA"
0.134524643778337,-0.096991466040253,0.00298577027239073,0.0920192885708675,0.248551066221268,0.383819781672875,"NA_NA_3_FRA","FRA","3","NA","NA"
0.0650728812358232,0.0492751269528654,0.0546008591127525,0.0635375218769202,0.0741023187715927,0.0818925460347369,"NA_NA_3_GAB","GAB","3","NA","NA"
-0.417451577000278,-0.556157017284157,-0.494343997937199,-0.429196769923887,-0.360038902516277,-0.189589220560829,"NA_NA_3_GBR","GBR","3","NA","NA"
0.00594762524307368,0.00120860650593627,0.00247528626904914,0.00447410832820495,0.00900667090092986,0.0124612354858634,"NA_NA_3_GEO","GEO","3","NA","NA"
0.67819145301384,0.476511344636561,0.559973295784245,0.667525710873444,0.782117480393688,0.876481055610756,"NA_NA_3_GHA","GHA","3","NA","NA"
0.329921758344076,0.240869879530096,0.271072901643766,0.322206169369732,0.3803959804862,0.427274096726885,"NA_NA_3_GIN","GIN","3","NA","NA"
0.0387205067469865,0.027238398560085,0.0322026283413834,0.0389494298114684,0.0449392102570828,0.0501206848804715,"NA_NA_3_GMB","GMB","3","NA","NA"
0.0318678565805606,0.0223323536285514,0.0267293739399299,0.0317021353772516,0.0370675712259473,0.0407359028479282,"NA_NA_3_GNB","GNB","3","NA","NA"
0.057278856773896,0.0433907616037723,0.0480030526560467,0.056563901984703,0.0660126360249588,0.0730656057618687,"NA_NA_3_GNQ","GNQ","3","NA","NA"
0.171493154321652,0.114271398468102,0.134803309564659,0.157775144376316,0.20287023568134,0.244583972005074,"NA_NA_3_GRC","GRC","3","NA","NA"
0.388964713226907,0.27980388127154,0.320058944192657,0.380648245964282,0.44401024799603,0.511489381037199,"NA_NA_3_GTM","GTM","3","NA","NA"
0.00987422975867945,0.00776795620752856,0.00841729199723265,0.00967256264251749,0.0108929685009116,0.0125035562268386,"NA_NA_3_GUY","GUY","3","NA","NA"
0.184109912329954,0.131428842838526,0.153266795611711,0.182900042148162,0.20993037922702,0.236588885021582,"NA_NA_3_HND","HND","3","NA","NA"
0.01064466251214,0.00205789153575831,0.00547120268192213,0.00942171122330536,0.0157779133911899,0.0198603935403403,"NA_NA_3_HRV","HRV","3","NA","NA"
0.112670595867052,0.0828038578451572,0.0943083600227984,0.110961057666032,0.127795753248813,0.144695494172691,"NA_NA_3_HTI","HTI","3","NA","NA"
0.00398042906065616,-0.019198208442995,-0.0167315171846041,-0.00244124148599918,0.0198553895355902,0.0329927766729413,"NA_NA_3_HUN","HUN","3","NA","NA"
5.05917034722427,3.91355395235009,4.26366844678563,4.9493162017565,5.71926666023251,6.40368174560184,"NA_NA_3_IDN","IDN","3","NA","NA"
31.9382198746364,23.9342237167986,26.5154753970028,31.0096967273907,36.4660143145039,41.0048861891729,"NA_NA_3_IND","IND","3","NA","NA"
-0.0605312450550932,-0.0719350554965076,-0.0664280646058438,-0.0606568685379397,-0.0543787125806519,-0.0485037330083059,"NA_NA_3_IRL","IRL","3","NA","NA"
1.08632163874494,0.792608312890115,0.862621001073526,1.05239944482924,1.27864435389843,1.42436390603977,"NA_NA_3_IRN","IRN","3","NA","NA"
0.969988158019495,0.748556010584854,0.814188443416376,0.942365281238733,1.09692749122514,1.20325989643237,"NA_NA_3_IRQ","IRQ","3","NA","NA"
-0.0245013124879876,-0.0325536770671396,-0.0287733457697084,-0.0244602524165268,-0.0206349821508564,-0.0156966359503142,"NA_NA_3_ISL","ISL","3","NA","NA"
0.559424356773298,0.43253454200107,0.467983616222588,0.537539604680599,0.624768415035524,0.718298931782755,"NA_NA_3_ISR","ISR","3","NA","NA"
0.507086887614895,0.279565133232992,0.377023051453042,0.486037918076661,0.631785661181631,0.753610579714357,"NA_NA_3_ITA","ITA","3","NA","NA"
0.0237804387366453,0.0176129399178324,0.0196769188750217,0.0230699638288708,0.0272355691610366,0.0300980556042517,"NA_NA_3_JAM","JAM","3","NA","NA"
0.197122392014364,0.150200196225006,0.161754179242675,0.189466714673487,0.22323972365776,0.258791467834587,"NA_NA_3_JOR","JOR","3","NA","NA"
1.1201537609468,0.752812886796401,0.873115910254112,1.04969387406126,1.34127904438835,1.56915517319827,"NA_NA_3_JPN","JPN","3","NA","NA"
-0.262829110974441,-0.328511939982883,-0.289029572679691,-0.253176462760192,-0.232688051232277,-0.214199347911437,"NA_NA_3_KAZ","KAZ","3","NA","NA"
0.595785422775508,0.440581571853434,0.486664008439391,0.567496284112155,0.687907482354114,0.787750962838243,"NA_NA_3_KEN","KEN","3","NA","NA"
-0.0196659735551582,-0.0268685635237737,-0.0232251478700876,-0.0203861815084084,-0.0159354306490982,-0.01254931749928,"NA_NA_3_KGZ","KGZ","3","NA","NA"
0.257984039761534,0.190356004867341,0.217034168503116,0.254601560619765,0.292855623185438,0.324758749260387,"NA_NA_3_KHM","KHM","3","NA","NA"
-0.00329878315714469,-0.135302758455606,-0.0872868796104913,-0.0223950448580794,0.05020408813913,0.163265335659475,"NA_NA_3_KOR","KOR","3","NA","NA"
0.550604570043336,0.430730896191782,0.464160545097405,0.539845720321149,0.621925660109208,0.680885632519664,"NA_NA_3_KWT","KWT","3","NA","NA"
0.121307002746979,0.0907063200390327,0.10101497243875,0.116993295575043,0.140231651486487,0.153553663051439,"NA_NA_3_LAO","LAO","3","NA","NA"
0.0402363698778878,0.0277329251735959,0.0316943294445154,0.0372204273703838,0.0462072576518042,0.0575174785124851,"NA_NA_3_LBN","LBN","3","NA","NA"
0.10438895588593,0.0740057849349533,0.0854633082729061,0.10319730044592,0.12239034647954,0.137527680205389,"NA_NA_3_LBR","LBR","3","NA","NA"
0.264012359151774,0.200319788794127,0.226556827878709,0.258237555103701,0.29464644396077,0.330313224183095,"NA_NA_3_LBY","LBY","3","NA","NA"
0.490034956396029,0.375386284386659,0.410893503482416,0.473553977114999,0.554966900771645,0.616461859342927,"NA_NA_3_LKA","LKA","3","NA","NA"
0.00672733581309902,0.0033238487409181,0.00389427763255724,0.00584084456649718,0.00916466580228828,0.0111004879848725,"NA_NA_3_LSO","LSO","3","NA","NA"
-0.0343733401339971,-0.0430157985097872,-0.0388939505423551,-0.0348198055877882,-0.0292245940669027,-0.0263169777864054,"NA_NA_3_LTU","LTU","3","NA","NA"
-0.00850516085988592,-0.0117903925738285,-0.0101047058454972,-0.00884079550506845,-0.00666324811395207,-0.00496352570336283,"NA_NA_3_LUX","LUX","3","NA","NA"
-0.0249066899674704,-0.0304574499733343,-0.0281324910710837,-0.0250688855990358,-0.0215271758849966,-0.0193838912966763,"NA_NA_3_LVA","LVA","3","NA","NA"
0.462889905974378,0.340717189796919,0.388329840826436,0.438622560056956,0.52150221686683,0.598701733571729,"NA_NA_3_MAR","MAR","3","NA","NA"
-0.00213409386332805,-0.00479333752354279,-0.0039801337634277,-0.00253934976381216,-0.000396010036778906,0.000705396398816368,"NA_NA_3_MDA","MDA","3","NA","NA"
0.264310570872103,0.193167857384311,0.215085984936216,0.261869478973445,0.30633821453064,0.339860622448891,"NA_NA_3_MDG","MDG","3","NA","NA"
2.86718701191444,2.09167494932046,2.32265198287727,2.78511610062091,3.31980442973002,3.71058759251524,"NA_NA_3_MEX","MEX","3","NA","NA"
-0.00147754195090002,-0.00619533290721767,-0.00462115835464474,-0.00221978890677034,0.00119762298041676,0.00337016639988045,"NA_NA_3_MKD","MKD","3","NA","NA"
0.442051761837111,0.33654988647365,0.377355995918786,0.434551737442971,0.494567398703258,0.552261494973592,"NA_NA_3_MLI","MLI","3","NA","NA"
0.280680269886377,0.210929988182486,0.235093653058039,0.273082598321531,0.322496413008989,0.35458235474615,"NA_NA_3_MMR","MMR","3","NA","NA"
-0.00249513346561718,-0.00350397745555833,-0.00285835946731813,-0.00244951212594353,-0.0021232475856862,-0.0016935043552594,"NA_NA_3_MNE","MNE","3","NA","NA"
-0.142275295253135,-0.17301181102672,-0.159005954702367,-0.137254491903382,-0.123380113652853,-0.11442822930752,"NA_NA_3_MNG","MNG","3","NA","NA"
0.471030726037563,0.369078291007596,0.404124518653068,0.460737744324389,0.525242149139338,0.590055262415595,"NA_NA_3_MOZ","MOZ","3","NA","NA"
0.107092725650745,0.0806434718330453,0.0916541287026773,0.106176486042742,0.120445114976338,0.133472306451765,"NA_NA_3_MRT","MRT","3","NA","NA"
0.0331210838201033,0.0251602507818383,0.0281166411021714,0.0320819675430317,0.0376581267097274,0.0422789671808919,"NA_NA_3_MUS","MUS","3","NA","NA"
0.419693084126683,0.317705141887029,0.354570186891657,0.411217459917528,0.471210931603763,0.535104692685479,"NA_NA_3_MWI","MWI","3","NA","NA"
1.43461978991566,1.11456659002294,1.19571871293061,1.39283074131752,1.63982540100601,1.80486178193042,"NA_NA_3_MYS","MYS","3","NA","NA"
0.0621785709171875,0.0475632654014937,0.0517497835413126,0.0600965093424572,0.0703957085915027,0.0817896900015555,"NA_NA_3_NAM","NAM","3","NA","NA"
0.00684893653777288,0.00493493002767989,0.00583228635020914,0.0067146165465792,0.00792643057807645,0.00868169286253794,"NA_NA_3_NCL","NCL","3","NA","NA"
0.695544787862695,0.526829825494078,0.584345861328474,0.684908898716095,0.783527748463977,0.873187676308642,"NA_NA_3_NER","NER","3","NA","NA"
7.98520081102173,5.98491339523017,6.62297237492361,7.79010759200242,9.09482122352312,10.277562991349,"NA_NA_3_NGA","NGA","3","NA","NA"
0.112187863983155,0.0800128165474804,0.0935720867391522,0.11160040808181,0.127493572265286,0.143792944573337,"NA_NA_3_NIC","NIC","3","NA","NA"
-0.151931656514765,-0.197806533324592,-0.172340035980292,-0.153058192793739,-0.130978290449136,-0.103815594677425,"NA_NA_3_NLD","NLD","3","NA","NA"
-0.233586132942922,-0.275235652761462,-0.254634953565276,-0.233501316413617,-0.210449407822549,-0.19091340683449,"NA_NA_3_NOR","NOR","3","NA","NA"
0.346914775859443,0.252037919509519,0.274387799221303,0.329918435327403,0.412402969957786,0.463718401718167,"NA_NA_3_NPL","NPL","3","NA","NA"
0.0167535476332321,0.00662007719467089,0.00901269716398594,0.0117910510626435,0.0201291344820217,0.0370705222057017,"NA_NA_3_NZL","NZL","3","NA","NA"
0.278165695345495,0.219752597360457,0.238006620090775,0.27122174459762,0.311403839917827,0.343358603823915,"NA_NA_3_OMN","OMN","3","NA","NA"
4.04884107177439,3.13051410646215,3.43354261802608,3.9770339805593,4.55960409631822,5.01196683729575,"NA_NA_3_PAK","PAK","3","NA","NA"
0.186096867149537,0.136996334325232,0.154568795032073,0.181282218229508,0.214766592365093,0.240988832272237,"NA_NA_3_PAN","PAN","3","NA","NA"
0.445614498961399,0.298337465117762,0.323849058358215,0.418837679253719,0.555239995614862,0.619581747743424,"NA_NA_3_PER","PER","3","NA","NA"
1.83045539131007,1.41524722636454,1.52647216985375,1.77102737418614,2.07435171463993,2.31873704669229,"NA_NA_3_PHL","PHL","3","NA","NA"
0.121577124543138,0.0882820073461944,0.0977275530819407,0.117799250131736,0.141266550668817,0.160914202388786,"NA_NA_3_PNG","PNG","3","NA","NA"
-0.282506762064825,-0.38698373235695,-0.331649382117273,-0.287303795938044,-0.22941522808272,-0.1914287769613,"NA_NA_3_POL","POL","3","NA","NA"
0.11215423404243,0.0725834543499228,0.0910344127736931,0.106949996425996,0.126117529123745,0.14503664093649,"NA_NA_3_PRT","PRT","3","NA","NA"
0.190123151946083,0.106637081607809,0.138713288733214,0.185958767530218,0.240195606050027,0.274495379909803,"NA_NA_3_PRY","PRY","3","NA","NA"
0.522023065971716,0.40235545684576,0.436659203419329,0.501381660486484,0.598324712339229,0.664665226827664,"NA_NA_3_QAT","QAT","3","NA","NA"
-0.0358879545553719,-0.0717651786906141,-0.0573056907149265,-0.0383548144094769,-0.0158641514511628,-0.00149513560299492,"NA_NA_3_ROU","ROU","3","NA","NA"
-3.34181681681772,-4.03306535896693,-3.6567217468072,-3.28912619471816,-2.98724602697433,-2.68263510147417,"NA_NA_3_RUS","RUS","3","NA","NA"
0.189258144860412,0.139475868251214,0.155728943934774,0.182806385444597,0.216392862782963,0.248760194044953,"NA_NA_3_RWA","RWA","3","NA","NA"
2.66869398569373,2.07579721552887,2.31521762185901,2.63001481980503,3.00705971358091,3.27612491751628,"NA_NA_3_SAU","SAU","3","NA","NA"
1.65926557361408,1.26578802990944,1.40414919413197,1.61538267873101,1.87521341440038,2.09693693360754,"NA_NA_3_SDN","SDN","3","NA","NA"
0.309899075222378,0.213538835946678,0.26120936855833,0.312131288991721,0.357593983820114,0.400845433827116,"NA_NA_3_SEN","SEN","3","NA","NA"
0.0108237515852282,0.00764015216980642,0.00896235424843929,0.0106230935227256,0.0124804004246449,0.0139145080949885,"NA_NA_3_SLB","SLB","3","NA","NA"
0.104679529301573,0.0735972374281406,0.0858519378302787,0.10250098574495,0.122320901029292,0.135870802870726,"NA_NA_3_SLE","SLE","3","NA","NA"
0.0832506773165822,0.0604914266982939,0.0701892938921035,0.0823182840603808,0.0942054253421259,0.107978471414919,"NA_NA_3_SLV","SLV","3","NA","NA"
0.0141296127470167,0.0107835494286305,0.0118457060734027,0.0135654292774136,0.0160157340573012,0.0182306089210338,"NA_NA_3_SOM","SOM","3","NA","NA"
-0.0122189995923386,-0.0221341309843146,-0.0184474994512392,-0.0129170827791909,-0.00712567417969047,-0.00257816511699882,"NA_NA_3_SRB","SRB","3","NA","NA"
0.00408490319102565,0.00296124152825197,0.0034808181023486,0.00409226765568648,0.00466002889468704,0.0051314649167102,"NA_NA_3_STP","STP","3","NA","NA"
0.0172622454505605,0.0137233473059961,0.0148711915437612,0.017000749096478,0.0191023252212135,0.0212120687415718,"NA_NA_3_SUR","SUR","3","NA","NA"
-0.0499103910529224,-0.0724472942268307,-0.0591923939156751,-0.0503233473036615,-0.036726239543114,-0.0338578135587559,"NA_NA_3_SVK","SVK","3","NA","NA"
-0.0177144249167947,-0.0252888756065164,-0.0206672770723852,-0.0177012252264258,-0.0140826996815439,-0.0120157049701509,"NA_NA_3_SVN","SVN","3","NA","NA"
-0.338057896029094,-0.400687146301427,-0.368462096909508,-0.336584163653945,-0.303473451608382,-0.273293954636839,"NA_NA_3_SWE","SWE","3","NA","NA"
0.0164659070390854,0.0124293220943882,0.0138688380789002,0.0158453944875035,0.0189178403963725,0.021226157114062,"NA_NA_3_SWZ","SWZ","3","NA","NA"
0.505540451887022,0.379974476630518,0.415154763104432,0.495284916487552,0.578063218346431,0.647391206048298,"NA_NA_3_SYR","SYR","3","NA","NA"
0.368616381411139,0.280083101050319,0.31125983560495,0.358751724519875,0.417118434850563,0.46679184475434,"NA_NA_3_TCD","TCD","3","NA","NA"
0.0994500468071336,0.0700583073649755,0.0812455530742382,0.0974023450460967,0.114727775170538,0.130754810920955,"NA_NA_3_TGO","TGO","3","NA","NA"
2.29787433235866,1.70938273435965,1.92731081361154,2.23527890645223,2.63993369187206,2.87817593657179,"NA_NA_3_THA","THA","3","NA","NA"
0.0275327974566713,0.0159670223809611,0.0186831538617945,0.0230055358468434,0.0373796212470484,0.0454578462607151,"NA_NA_3_TJK","TJK","3","NA","NA"
0.109860860405585,0.072865754884672,0.0909923665062898,0.10665647977618,0.130006511259901,0.143782686200639,"NA_NA_3_TKM","TKM","3","NA","NA"
0.0378002296400459,0.0274446756228379,0.0308448280734023,0.0370321693671776,0.0435423297927157,0.0486458065313218,"NA_NA_3_TTO","TTO","3","NA","NA"
0.239828164163146,0.179490735370154,0.20549196654643,0.236381910830811,0.271902474974512,0.302082112555902,"NA_NA_3_TUN","TUN","3","NA","NA"
0.650100269076217,0.359482082492835,0.461660690436267,0.571967092638411,0.809673743531607,1.04009271249855,"NA_NA_3_TUR","TUR","3","NA","NA"
1.10446996563942,0.848269089531201,0.936390329031037,1.06391717150252,1.25236632032362,1.40334191850543,"NA_NA_3_TZA","TZA","3","NA","NA"
1.17582832323065,0.854703041112659,0.970394119605462,1.14945003420597,1.34585482454185,1.53360752580313,"NA_NA_3_UGA","UGA","3","NA","NA"
-0.141817996668905,-0.223633184938901,-0.185709532271607,-0.148453386445766,-0.0874727451672396,-0.0665984931551392,"NA_NA_3_UKR","UKR","3","NA","NA"
0.0422002334135413,0.0241384701702784,0.0312024522125027,0.0404448780811058,0.0540548398816116,0.0605429397607005,"NA_NA_3_URY","URY","3","NA","NA"
6.85428140532119,4.48389110865139,5.52637347713652,6.71740612026528,8.06586858805988,9.25248514589516,"NA_NA_3_USA","USA","3","NA","NA"
0.216114217187791,0.144744652118558,0.171555086432824,0.200184744803271,0.267205480942575,0.297502334128864,"NA_NA_3_UZB","UZB","3","NA","NA"
0.00173321789758852,0.00124313988985809,0.00136737191611629,0.00170901761567709,0.00201797357286795,0.00227532652066675,"NA_NA_3_VCT","VCT","3","NA","NA"
1.07472640477735,0.795399223777569,0.896225191462454,1.05110002383211,1.21005931910497,1.4091903515682,"NA_NA_3_VEN","VEN","3","NA","NA"
1.34860281892075,1.02652771766494,1.12617510729721,1.29708220928907,1.53551238627468,1.70219688645817,"NA_NA_3_VNM","VNM","3","NA","NA"
0.00404778874137139,0.00276944275952822,0.00328514131159366,0.00392289755611454,0.00466907580795909,0.00541893646348353,"NA_NA_3_VUT","VUT","3","NA","NA"
117.148919440817,87.5021572157739,95.6481722784313,112.748530454449,136.649655063912,150.500911369185,"NA_NA_3_WLD","WLD","3","NA","NA"
0.00147175688121422,0.00101771930502414,0.00119108594688936,0.00144203466626425,0.00171358450313827,0.00194829519422631,"NA_NA_3_WSM","WSM","3","NA","NA"
0.506861314366516,0.377603484518559,0.421774619988301,0.484947077644615,0.576380016840479,0.662629803110052,"NA_NA_3_YEM","YEM","3","NA","NA"
0.949557304397264,0.694680595804944,0.771929421788309,0.903367232492349,1.11580724932929,1.25872646472256,"NA_NA_3_ZAF","ZAF","3","NA","NA"
0.44528397953559,0.331147986959451,0.369065442381361,0.43204794585804,0.502723177127366,0.582585516982143,"NA_NA_3_ZMB","ZMB","3","NA","NA"
0.0748707803327017,0.0560084822211011,0.0619195235590888,0.071979836620587,0.0846542987063339,0.0979679242126991,"NA_NA_3_ZWE","ZWE","3","NA","NA"
0.0681322174926099,0.0380418991903938,0.044451730728845,0.0549950573316253,0.0838451495336671,0.104358369441692,"NA_NA_5_AFG","AFG","5","NA","NA"
0.168712206299637,0.127929358736022,0.142084506869819,0.164358894865324,0.193749755012585,0.212469236581723,"NA_NA_5_AGO","AGO","5","NA","NA"
0.00569835927920254,0.00344833564404202,0.00428088748826258,0.00522955522395382,0.00699018886539285,0.00831573597147513,"NA_NA_5_ALB","ALB","5","NA","NA"
0.668264908345278,0.519843029818314,0.566202831191065,0.644672705160408,0.77185266409052,0.833619513298685,"NA_NA_5_ARE","ARE","5","NA","NA"
0.303077606396148,0.174391055677461,0.232492283427615,0.286065956407097,0.392428740737735,0.429781092853357,"NA_NA_5_ARG","ARG","5","NA","NA"
-0.00479432164761102,-0.00621881597998649,-0.00517451740767023,-0.00466347203647449,-0.00432176487946481,-0.00398329017158711,"NA_NA_5_ARM","ARM","5","NA","NA"
0.281226423284543,0.208211599885353,0.230862526359527,0.266581341308898,0.332119185097436,0.36803634659982,"NA_NA_5_AUS","AUS","5","NA","NA"
-0.0757402375569816,-0.0975343767745239,-0.0833676513362449,-0.0754621287896533,-0.0640013212203241,-0.0588487560571255,"NA_NA_5_AUT","AUT","5","NA","NA"
0.0131433586780737,0.00816702075579012,0.00932368827592394,0.0116383659197206,0.0172472676589202,0.0200576927323525,"NA_NA_5_AZE","AZE","5","NA","NA"
0.0304473334831512,0.022805244506495,0.0255595149094312,0.0293883979868124,0.0346182264777015,0.0397589676754039,"NA_NA_5_BDI","BDI","5","NA","NA"
-0.0307498679712731,-0.0438197676211929,-0.0374643709005377,-0.0324658660431853,-0.0259006290487243,-0.0136854021608335,"NA_NA_5_BEL","BEL","5","NA","NA"
0.0609569108753799,0.043602017284481,0.050276760704827,0.0589047658545473,0.0711280163998318,0.0796968930716974,"NA_NA_5_BEN","BEN","5","NA","NA"
0.184277059824294,0.142149726620834,0.157190200819747,0.181622319431867,0.207573320707539,0.230439204008333,"NA_NA_5_BFA","BFA","5","NA","NA"
0.619507629591711,0.444129650773957,0.499107203695449,0.599348890995054,0.717701614919413,0.816003265366972,"NA_NA_5_BGD","BGD","5","NA","NA"
-0.00764664046652902,-0.014607826520299,-0.011564303889672,-0.00739173119233039,-0.004748052067724,-0.00093682086982564,"NA_NA_5_BGR","BGR","5","NA","NA"
0.00686417550055541,0.00533410821292966,0.00592746264733042,0.00664847341186364,0.00770256936804679,0.00862788193592211,"NA_NA_5_BHS","BHS","5","NA","NA"
-0.00526329129452446,-0.0074361701822638,-0.00592030760360077,-0.00522810271244128,-0.00445680797810261,-0.00326356643030352,"NA_NA_5_BIH","BIH","5","NA","NA"
-0.0647512208510754,-0.0801868055972142,-0.0727714020594506,-0.0653334816770029,-0.0544805856639839,-0.0501282480069765,"NA_NA_5_BLR","BLR","5","NA","NA"
0.00316321674573546,0.00243825767764835,0.0027237464646091,0.00315296240809881,0.00353453765966185,0.00390755224000196,"NA_NA_5_BLZ","BLZ","5","NA","NA"
0.0788909581286154,0.0556615897339187,0.0603614928443769,0.0733778077857217,0.0970964821919253,0.106941484884908,"NA_NA_5_BOL","BOL","5","NA","NA"
1.88147044393754,1.46796080693117,1.56526857164344,1.78686109510292,2.18704119540637,2.43944729302419,"NA_NA_5_BRA","BRA","5","NA","NA"
0.0194959276367861,0.0157686285369132,0.0167956130383316,0.018895056348436,0.0215676404790736,0.0244180154492059,"NA_NA_5_BRN","BRN","5","NA","NA"
0.00936821573126827,0.00656629240289645,0.00715953622234122,0.00851245131862896,0.0115775443457392,0.0132683120961642,"NA_NA_5_BTN","BTN","5","NA","NA"
0.0378570852955423,0.0290377176336853,0.0315781105352322,0.0365865714638817,0.0427638974308463,0.0496281156378349,"NA_NA_5_BWA","BWA","5","NA","NA"
0.0170020525191065,0.0132401546759059,0.0143486173190055,0.0163410109532288,0.0192179492830365,0.0216175010172882,"NA_NA_5_CAF","CAF","5","NA","NA"
-0.627629970033784,-0.74589321005041,-0.666605703207662,-0.617319733684821,-0.581699286794737,-0.52968209661145,"NA_NA_5_CAN","CAN","5","NA","NA"
-0.0871480218226949,-0.107823122956651,-0.0958798003332683,-0.087008474948012,-0.0747937411551252,-0.0693352151688249,"NA_NA_5_CHE","CHE","5","NA","NA"
-0.0360988175348597,-0.0422869502691291,-0.0393990486543545,-0.0360078479393409,-0.0323006724445753,-0.0298817932639033,"NA_NA_5_CHL","CHL","5","NA","NA"
5.76691954706837,4.22074803056697,4.62525967265832,5.32682210107124,6.66988333180937,7.8712451090513,"NA_NA_5_CHN","CHN","5","NA","NA"
0.153042231774969,0.11825673187454,0.12808478971716,0.148452929901683,0.174419227358004,0.194243911828429,"NA_NA_5_CMR","CMR","5","NA","NA"
0.350524178975205,0.262782743778487,0.291342330920519,0.34017665166698,0.401580354740518,0.45057504887894,"NA_NA_5_COD","COD","5","NA","NA"
0.0620686369232724,0.047328029379314,0.0514547486857415,0.0593815087370011,0.0708288932367513,0.0800410776692401,"NA_NA_5_COG","COG","5","NA","NA"
0.448200410278874,0.348295211018054,0.372185117225292,0.414329277675443,0.510337790160474,0.591898700381202,"NA_NA_5_COL","COL","5","NA","NA"
0.00271120985605647,0.00209126013516158,0.00227031233189381,0.00258315459346301,0.00312120478682971,0.00344208887606789,"NA_NA_5_COM","COM","5","NA","NA"
0.00172199242299215,0.00129260776790444,0.0014549626681484,0.0016762676709123,0.00196052845160016,0.00228583366583845,"NA_NA_5_CPV","CPV","5","NA","NA"
0.0550963957783338,0.0403600166421083,0.0456725443636419,0.0549632595753547,0.061819769749661,0.0699133518413385,"NA_NA_5_CRI","CRI","5","NA","NA"
0.0531100924675962,0.0423128197918293,0.0453431984659287,0.051516024068312,0.0603313323789417,0.0644997057291894,"NA_NA_5_CUB","CUB","5","NA","NA"
0.00945904684885122,0.00741051181635536,0.00800644239133581,0.00899623837888689,0.0106454965014066,0.0118502366331352,"NA_NA_5_CYP","CYP","5","NA","NA"
-0.0920981707782475,-0.117194959467624,-0.102722693372589,-0.091968271306743,-0.0773641663276029,-0.0721883820693447,"NA_NA_5_CZE","CZE","5","NA","NA"
-0.410618846297435,-0.52655416361214,-0.458193953297601,-0.416947013324546,-0.349782840907815,-0.301982136865143,"NA_NA_5_DEU","DEU","5","NA","NA"
0.00931468500230414,0.00724913860326339,0.00787356200993289,0.00891996991751344,0.0105783759282212,0.0119781744441325,"NA_NA_5_DJI","DJI","5","NA","NA"
-0.0447367739476971,-0.0537203545496229,-0.0493399211721642,-0.0453106302404331,-0.0386941970622737,-0.0354072324997438,"NA_NA_5_DNK","DNK","5","NA","NA"
0.110013280464909,0.0819869255547701,0.0950961461765229,0.110758473482188,0.125091994847638,0.137171045512766,"NA_NA_5_DOM","DOM","5","NA","NA"
0.20883448284491,0.157423830604786,0.177496742178286,0.201685779726803,0.235515180398155,0.264286894747553,"NA_NA_5_DZA","DZA","5","NA","NA"
0.100801230182362,0.0740168097590732,0.0802170053308536,0.0953947073867777,0.119286460656204,0.132730898488296,"NA_NA_5_ECU","ECU","5","NA","NA"
0.974724574224904,0.773082000148455,0.839298610495091,0.957626905097384,1.07480049140398,1.20801627525935,"NA_NA_5_EGY","EGY","5","NA","NA"
0.011115165847458,0.00853771475475199,0.00941379927358074,0.0106941492098683,0.0126012371400313,0.0142080346503224,"NA_NA_5_ERI","ERI","5","NA","NA"
0.273522404157473,0.18894234481078,0.220151162026517,0.257956470525077,0.308281286873454,0.364627092789331,"NA_NA_5_ESP","ESP","5","NA","NA"
-0.0166839130764242,-0.019590649579766,-0.0183735745600068,-0.0167531709220574,-0.0148162537870737,-0.0133818925768298,"NA_NA_5_EST","EST","5","NA","NA"
0.375241612193563,0.272631834350381,0.300202336587347,0.358296005589867,0.436779734115916,0.504158672110129,"NA_NA_5_ETH","ETH","5","NA","NA"
-0.139192327027633,-0.162285855248251,-0.150651253572294,-0.140516061192679,-0.124330412568953,-0.112908695005674,"NA_NA_5_FIN","FIN","5","NA","NA"
0.00325161891086956,0.00223885433765811,0.00272057655279509,0.00317937695511739,0.00367026361647005,0.00425822050497369,"NA_NA_5_FJI","FJI","5","NA","NA"
-0.0189998846962723,-0.09089558163108,-0.0710210975969092,-0.0316183267984912,0.0150363442674027,0.0528625273704973,"NA_NA_5_FRA","FRA","5","NA","NA"
0.0277763189883727,0.0216609404758936,0.0234912567712238,0.0270961784067672,0.0316465337015836,0.0347569772797859,"NA_NA_5_GAB","GAB","5","NA","NA"
-0.2686556394248,-0.333222111895388,-0.303054961711528,-0.266197944154426,-0.235501091983165,-0.188793401230375,"NA_NA_5_GBR","GBR","5","NA","NA"
0.000757677778379225,-0.000837231769706523,-0.000523184579404275,0.000311600823890407,0.00188622980353857,0.00288437361627047,"NA_NA_5_GEO","GEO","5","NA","NA"
0.224444267961051,0.160336644559894,0.187890752109404,0.220400760940902,0.259723246612066,0.287938740740436,"NA_NA_5_GHA","GHA","5","NA","NA"
0.109440542129206,0.0810520440640757,0.0918125883233033,0.106260678698411,0.125467624767264,0.140654893023576,"NA_NA_5_GIN","GIN","5","NA","NA"
0.012756067818108,0.0091496448111775,0.0106403983553279,0.0128540590391976,0.0146986914749146,0.0163358449727324,"NA_NA_5_GMB","GMB","5","NA","NA"
0.00969078312864643,0.00689461612630502,0.00819407565696136,0.00967414093372662,0.0112061172305637,0.0123545541048931,"NA_NA_5_GNB","GNB","5","NA","NA"
0.0250669522853957,0.0196607017032663,0.0213332546968054,0.0244903221207367,0.0285773573064207,0.031571908791353,"NA_NA_5_GNQ","GNQ","5","NA","NA"
0.0723153576811918,0.0490616331445048,0.0574578528353239,0.0676615285914935,0.0854872922224247,0.10001812457121,"NA_NA_5_GRC","GRC","5","NA","NA"
0.136941142327472,0.0992553033137891,0.115192608621629,0.133996287599833,0.155787472621361,0.18004778421135,"NA_NA_5_GTM","GTM","5","NA","NA"
0.00419280172046225,0.00333568816261129,0.00360818188207287,0.00411814005214771,0.00458859645607666,0.00531812681756762,"NA_NA_5_GUY","GUY","5","NA","NA"
0.0660995176874546,0.047319253927181,0.0558554566098191,0.0657027465749849,0.0755514789127067,0.0841385917593716,"NA_NA_5_HND","HND","5","NA","NA"
0.002498679262229,-0.000616234035860768,8.08363638558795e-05,0.00181935704386213,0.00454850322058018,0.00560142813928162,"NA_NA_5_HRV","HRV","5","NA","NA"
0.0375281807495132,0.0281348475642429,0.0316753742133844,0.0370095820762802,0.0424359933777563,0.047458119975509,"NA_NA_5_HTI","HTI","5","NA","NA"
-0.00795758172389743,-0.0173104354020548,-0.0135312138048741,-0.00947697360354137,-0.000829884178655463,0.00143979826950695,"NA_NA_5_HUN","HUN","5","NA","NA"
2.1526853361195,1.69087024484115,1.83791017366373,2.09038415022656,2.41258815812345,2.69951517315185,"NA_NA_5_IDN","IDN","5","NA","NA"
12.9128876656803,9.9413461110943,10.8143517481928,12.6130372415679,14.583028236332,16.5502357364836,"NA_NA_5_IND","IND","5","NA","NA"
-0.0329753848951127,-0.0386807162152301,-0.0360026058925299,-0.0330361099728647,-0.0293340986195785,-0.0270640153291012,"NA_NA_5_IRL","IRL","5","NA","NA"
0.451514256560268,0.334670471608155,0.360798117517787,0.438397568640608,0.53271439750504,0.5809867218654,"NA_NA_5_IRN","IRN","5","NA","NA"
0.379550160486066,0.297674295141954,0.321564372680021,0.371262430114753,0.430257308390059,0.462581325191334,"NA_NA_5_IRQ","IRQ","5","NA","NA"
-0.0114519436402052,-0.0150655245953728,-0.0132992811710893,-0.011468693525171,-0.00965945682894791,-0.00737769146575644,"NA_NA_5_ISL","ISL","5","NA","NA"
0.224568901218832,0.177922640979265,0.18976284424362,0.216366516549979,0.249854268334705,0.285790274557922,"NA_NA_5_ISR","ISR","5","NA","NA"
0.192596109227265,0.110978946792256,0.143643720681041,0.183798830700308,0.241675643000529,0.278355154378413,"NA_NA_5_ITA","ITA","5","NA","NA"
0.0102437685183525,0.00775195898174785,0.00865288671434148,0.00986594695705524,0.0118279576445334,0.0128237647623685,"NA_NA_5_JAM","JAM","5","NA","NA"
0.0687171830184233,0.0531752215395608,0.0567146991048123,0.0662164846864626,0.0768518396619063,0.0889980051237673,"NA_NA_5_JOR","JOR","5","NA","NA"
0.511261952238252,0.347114663445142,0.399080874836488,0.480135974297731,0.602204506649832,0.706193519661187,"NA_NA_5_JPN","JPN","5","NA","NA"
-0.159604292763376,-0.19584272048658,-0.173980195614116,-0.154393063201002,-0.142158119693479,-0.130105772864025,"NA_NA_5_KAZ","KAZ","5","NA","NA"
0.185159966598924,0.14020557837285,0.15490762734249,0.175665918846888,0.21266493968479,0.241987282712344,"NA_NA_5_KEN","KEN","5","NA","NA"
-0.0108424219188166,-0.0136220109995549,-0.0116660840038307,-0.0105482500551976,-0.00980617912424112,-0.00874321071596041,"NA_NA_5_KGZ","KGZ","5","NA","NA"
0.0992007675507141,0.074739649268379,0.0833394975280023,0.0989068801775541,0.112343970672952,0.1234040487109,"NA_NA_5_KHM","KHM","5","NA","NA"
-0.0675770893087551,-0.119234908595717,-0.0997699401469926,-0.069560003341663,-0.0456422714339019,-0.0237869736844733,"NA_NA_5_KOR","KOR","5","NA","NA"
0.269306395804286,0.212179563805557,0.227129485245632,0.264567107574181,0.304661025627975,0.332004202715807,"NA_NA_5_KWT","KWT","5","NA","NA"
0.0470826068014491,0.0362314863491924,0.0394805803530404,0.045652453618694,0.0537561847165281,0.0593190985462106,"NA_NA_5_LAO","LAO","5","NA","NA"
0.0157568644670187,0.0111300315112963,0.0125967983306342,0.0146256730037404,0.0182163554825321,0.022650017557633,"NA_NA_5_LBN","LBN","5","NA","NA"
0.0294068436096792,0.0210350183654661,0.0244383961275691,0.0288433469334926,0.0343195090404758,0.0384079409075564,"NA_NA_5_LBR","LBR","5","NA","NA"
0.11752050287852,0.0925852956643549,0.10186001316455,0.11516242105308,0.130360160755825,0.144939682738276,"NA_NA_5_LBY","LBY","5","NA","NA"
0.208465547215528,0.163936264855777,0.177342953854549,0.20050067338156,0.236990401334562,0.261276183566063,"NA_NA_5_LKA","LKA","5","NA","NA"
0.00146239657089795,0.000644366674525332,0.000760715784125463,0.00127859260583584,0.00205682809653025,0.00254825767897263,"NA_NA_5_LSO","LSO","5","NA","NA"
-0.0211760431529211,-0.0255958879593364,-0.0236370821215378,-0.0215375974988198,-0.0181939259693451,-0.016589358248119,"NA_NA_5_LTU","LTU","5","NA","NA"
-0.00588703036115018,-0.00753418554756291,-0.00660143028392342,-0.00598158072121215,-0.00509300876487551,-0.00417316214332949,"NA_NA_5_LUX","LUX","5","NA","NA"
-0.0148926753999704,-0.0178159485176257,-0.0166063171998028,-0.015064131801977,-0.0130186063212516,-0.0117120209405535,"NA_NA_5_LVA","LVA","5","NA","NA"
0.178269327533401,0.133483993717513,0.151178385580044,0.168887622614248,0.201970966188597,0.226419793851355,"NA_NA_5_MAR","MAR","5","NA","NA"
-0.00212802336296954,-0.00338654818286027,-0.00274042007255604,-0.00209596305874258,-0.00142593919581697,-0.00106560203567329,"NA_NA_5_MDA","MDA","5","NA","NA"
0.0741256737383096,0.0553194953877581,0.0619582425494977,0.073265347336834,0.0851239575776242,0.093390715203182,"NA_NA_5_MDG","MDG","5","NA","NA"
1.19196792564126,0.898673059881425,0.991671996073717,1.15303281851642,1.38992290347028,1.51525787229808,"NA_NA_5_MEX","MEX","5","NA","NA"
-0.00257239358560521,-0.00441057921366752,-0.00363060448705804,-0.00242953973322801,-0.00189159548422776,-0.00118535278567879,"NA_NA_5_MKD","MKD","5","NA","NA"
0.131704910789629,0.10213504403765,0.112214214906682,0.128726625762472,0.148208532440919,0.16503879079852,"NA_NA_5_MLI","MLI","5","NA","NA"
0.126115694140848,0.096132376792164,0.106774215247447,0.122316512232208,0.144214462083112,0.157668827777785,"NA_NA_5_MMR","MMR","5","NA","NA"
-0.00162790835760271,-0.00211174365004607,-0.00177039134859949,-0.00159845312273495,-0.00142400131817513,-0.00125848502605843,"NA_NA_5_MNE","MNE","5","NA","NA"
-0.064648427907695,-0.0799047847901813,-0.0725968784726057,-0.0622462183601086,-0.0561808916465426,-0.0520265086463105,"NA_NA_5_MNG","MNG","5","NA","NA"
0.138631845506622,0.110642298895568,0.120136120780319,0.135715625473955,0.153441045147512,0.171815650782129,"NA_NA_5_MOZ","MOZ","5","NA","NA"
0.0381766021413997,0.0288711781839216,0.0329978978218727,0.0379516578284682,0.0427274552589055,0.0469980523842764,"NA_NA_5_MRT","MRT","5","NA","NA"
0.0147881654256122,0.0114410147335889,0.0127872233258805,0.0143480461806755,0.0167006395830143,0.0185869117992076,"NA_NA_5_MUS","MUS","5","NA","NA"
0.110729576865957,0.0846500803357464,0.0937739860328278,0.108912256697151,0.124777768137388,0.138320934913619,"NA_NA_5_MWI","MWI","5","NA","NA"
0.622747382128506,0.495332927893871,0.527795475501584,0.606992673060402,0.709170391915246,0.774914985889527,"NA_NA_5_MYS","MYS","5","NA","NA"
0.0252601538988361,0.0198374705638764,0.0214160226206221,0.0243541977798284,0.028267063325026,0.0327796712973101,"NA_NA_5_NAM","NAM","5","NA","NA"
0.00310127479055682,0.00230541789312893,0.00271153249405134,0.00307241084344665,0.00358334322717714,0.00387003598832764,"NA_NA_5_NCL","NCL","5","NA","NA"
0.178207907920018,0.137104919281349,0.150834942905375,0.175252519202279,0.199846209661123,0.222072875310936,"NA_NA_5_NER","NER","5","NA","NA"
2.45672037910396,1.87729330179927,2.06569275792022,2.38413877529781,2.78509607201418,3.12439164819187,"NA_NA_5_NGA","NGA","5","NA","NA"
0.0413732517466115,0.029500414117854,0.0354149830724531,0.0413570186688399,0.0467297959714612,0.0522155917240949,"NA_NA_5_NIC","NIC","5","NA","NA"
-0.0939915589391099,-0.116961792199493,-0.104141043511925,-0.0957187041253052,-0.0810024665280525,-0.0708722924694504,"NA_NA_5_NLD","NLD","5","NA","NA"
-0.123860772954664,-0.14466191773997,-0.135828805572913,-0.124036053932515,-0.11122295707436,-0.101271199813826,"NA_NA_5_NOR","NOR","5","NA","NA"
0.109657223477112,0.0811153723779899,0.0881655167205004,0.104408070423763,0.130045263872124,0.144968145809193,"NA_NA_5_NPL","NPL","5","NA","NA"
0.00360458465119399,0.000695883999087018,0.00124926261852896,0.00229007509633598,0.00473641283826918,0.00974831909553838,"NA_NA_5_NZL","NZL","5","NA","NA"
0.125288152009884,0.101076338181817,0.108641179641073,0.122467528987201,0.13975959713195,0.152498545243942,"NA_NA_5_OMN","OMN","5","NA","NA"
1.41117055685904,1.11441943102648,1.2006644641314,1.39035801583291,1.59094196781599,1.73258273174399,"NA_NA_5_PAK","PAK","5","NA","NA"
0.082616738856658,0.0621414781854449,0.069055188992833,0.0806729144616402,0.0935877897225556,0.106400007248004,"NA_NA_5_PAN","PAN","5","NA","NA"
0.177548276042338,0.124311506320959,0.133155386661634,0.167465254505718,0.219348722359402,0.242042399642615,"NA_NA_5_PER","PER","5","NA","NA"
0.688310530376841,0.542320430240683,0.58221497848951,0.666390350410136,0.771773661306936,0.861456241121532,"NA_NA_5_PHL","PHL","5","NA","NA"
0.0415332176000814,0.0312550705349545,0.0339123873704071,0.0403375972552634,0.0479386621514636,0.0543276301728388,"NA_NA_5_PNG","PNG","5","NA","NA"
-0.183293915281955,-0.237094372488985,-0.206468653963942,-0.185795213859491,-0.152299728244255,-0.137878006805456,"NA_NA_5_POL","POL","5","NA","NA"
0.0479331361491035,0.0327316358640443,0.0394267553727004,0.0452320773997169,0.0540016301906516,0.0609895858917049,"NA_NA_5_PRT","PRT","5","NA","NA"
0.0713258118333762,0.0431579921018776,0.0519715123532227,0.068997199566772,0.0897197234744726,0.102457809973468,"NA_NA_5_PRY","PRY","5","NA","NA"
0.274871740665665,0.214160613452078,0.2299658556687,0.262332523791669,0.318131438721158,0.346978931935397,"NA_NA_5_QAT","QAT","5","NA","NA"
-0.0334270492302874,-0.0515512350612605,-0.0395811101869547,-0.0326357575327725,-0.0245567055586385,-0.0203652618755519,"NA_NA_5_ROU","ROU","5","NA","NA"
-1.87968163847969,-2.23322882722124,-2.06617645905961,-1.88113645173048,-1.68635477072338,-1.49640689155387,"NA_NA_5_RUS","RUS","5","NA","NA"
0.0568664987508666,0.042732348873279,0.0473192960870074,0.0549032395390077,0.0645220317235757,0.074362802234863,"NA_NA_5_RWA","RWA","5","NA","NA"
1.2445661182793,0.985326730682769,1.08911159026473,1.22505009981078,1.38153922510818,1.52486530548656,"NA_NA_5_SAU","SAU","5","NA","NA"
0.531526811163659,0.414463105668978,0.452878340286778,0.513085703679341,0.59908880056794,0.662738118716314,"NA_NA_5_SDN","SDN","5","NA","NA"
0.0971865616928877,0.0677835668460174,0.0830663223946714,0.0980583765993225,0.111976892612351,0.124327347013919,"NA_NA_5_SEN","SEN","5","NA","NA"
0.00379525392403343,0.00271875817748914,0.00316874508890493,0.00372919185882864,0.00434536844436442,0.00484079438618702,"NA_NA_5_SLB","SLB","5","NA","NA"
0.0318873898094981,0.0230425207333534,0.0265523351120457,0.0313267030061816,0.0371849138374714,0.0410274492665813,"NA_NA_5_SLE","SLE","5","NA","NA"
0.0358327718222788,0.0262236770557423,0.0305301597473401,0.0353097432830566,0.040030397189291,0.0464461159922637,"NA_NA_5_SLV","SLV","5","NA","NA"
0.00364165636405799,0.00282646779073009,0.00305304280626602,0.00346700092771851,0.00411401362809456,0.00465419188397382,"NA_NA_5_SOM","SOM","5","NA","NA"
-0.0103794988932388,-0.0148911994017487,-0.0118646489664033,-0.0103518827710263,-0.00858420039183802,-0.00618170017673241,"NA_NA_5_SRB","SRB","5","NA","NA"
0.00162079628245825,0.00118650411827645,0.0014090137284858,0.001624181785264,0.00183462509585906,0.00200516020455533,"NA_NA_5_STP","STP","5","NA","NA"
0.00736547993668384,0.00597749222917275,0.0064476662674033,0.00725441381222315,0.00808924339927994,0.00885220734510576,"NA_NA_5_SUR","SUR","5","NA","NA"
-0.0325028123269047,-0.0433972075693238,-0.0367165258249304,-0.0319295791902107,-0.02699971041768,-0.0242970953121699,"NA_NA_5_SVK","SVK","5","NA","NA"
-0.0117403290550579,-0.0152352031232492,-0.0129171735747329,-0.0115002704372683,-0.0100805717036412,-0.00888711860766415,"NA_NA_5_SVN","SVN","5","NA","NA"
-0.181001487785472,-0.211380473421115,-0.197917561323411,-0.183118073937774,-0.160987224794493,-0.143326464708875,"NA_NA_5_SWE","SWE","5","NA","NA"
0.00587682364979487,0.00451954115196093,0.00500205491424412,0.00566340960684554,0.00673074273459137,0.00750176499430407,"NA_NA_5_SWZ","SWZ","5","NA","NA"
0.182096559046312,0.138788827112768,0.149837420855526,0.178360523003309,0.208296586406802,0.230479968807242,"NA_NA_5_SYR","SYR","5","NA","NA"
0.108999716954807,0.0844228406350604,0.0925316515538073,0.105171922228406,0.122828264423822,0.136760286804923,"NA_NA_5_TCD","TCD","5","NA","NA"
0.0297405617054257,0.0212615718942859,0.0247476155572009,0.0286655095576061,0.0345493368843653,0.0387862018378448,"NA_NA_5_TGO","TGO","5","NA","NA"
1.04001173974641,0.791230940479606,0.875579625154564,1.02203920400833,1.19107948743317,1.30543650469009,"NA_NA_5_THA","THA","5","NA","NA"
0.00725776468793303,0.00382401064262032,0.00457561584655786,0.00569268919244807,0.0103246527544255,0.0132198067559485,"NA_NA_5_TJK","TJK","5","NA","NA"
0.0490654965677947,0.0336880909277754,0.0407595063430807,0.0469229925920705,0.0578663554673323,0.0634646515341145,"NA_NA_5_TKM","TKM","5","NA","NA"
0.0197194835297864,0.0145663704233105,0.0161102337483951,0.0193128918475538,0.0226791449442017,0.025173035469508,"NA_NA_5_TTO","TTO","5","NA","NA"
0.105591849487344,0.0805662793339806,0.0910139916184096,0.105172443859571,0.119231552432144,0.130659845955847,"NA_NA_5_TUN","TUN","5","NA","NA"
0.212689551027624,0.110526527162986,0.151038173196751,0.182454336039593,0.282761700843522,0.353703470586074,"NA_NA_5_TUR","TUR","5","NA","NA"
0.334410702393426,0.259720010432178,0.287529920404352,0.321379153424511,0.377965858258895,0.418899605741189,"NA_NA_5_TZA","TZA","5","NA","NA"
0.324520056368156,0.238180031403347,0.272387036561268,0.316603558511434,0.371039846033304,0.421343602182549,"NA_NA_5_UGA","UGA","5","NA","NA"
-0.0955274546334145,-0.133301963026356,-0.112405466921382,-0.0933119649442559,-0.0784808748211131,-0.0645344455777384,"NA_NA_5_UKR","UKR","5","NA","NA"
0.0188391684791259,0.0107941317898336,0.0141543093680628,0.0178874074902997,0.0241670408295227,0.0264948225965744,"NA_NA_5_URY","URY","5","NA","NA"
2.88253640594934,1.96784885105984,2.36902618091334,2.77417904309891,3.35364929898628,3.84763029714968,"NA_NA_5_USA","USA","5","NA","NA"
0.0778771468121115,0.0543344802402872,0.0616577179382858,0.0714701589901375,0.095776184074804,0.108114536522777,"NA_NA_5_UZB","UZB","5","NA","NA"
0.000784943517720756,0.000559818777668087,0.000622890436831283,0.000770608543060717,0.000926215786715783,0.00101922738899524,"NA_NA_5_VCT","VCT","5","NA","NA"
0.471687380870028,0.352856061641075,0.397183814615379,0.4616417705564,0.527207665039578,0.619927451660044,"NA_NA_5_VEN","VEN","5","NA","NA"
0.568493394348632,0.440026333790866,0.478951303760923,0.558903630494712,0.643216734868995,0.709373100981316,"NA_NA_5_VNM","VNM","5","NA","NA"
0.00135566970131767,0.00093815477023866,0.00111417734210817,0.00131306152506149,0.00155783763810898,0.00180833771045031,"NA_NA_5_VUT","VUT","5","NA","NA"
44.5899255398365,33.9992936634102,36.6025663991078,42.7895913023025,52.1530030124188,56.7760448891083,"NA_NA_5_WLD","WLD","5","NA","NA"
0.000621007581605442,0.000435767373765029,0.000516279794480451,0.000609049818349471,0.000716515723837527,0.000813470837933461,"NA_NA_5_WSM","WSM","5","NA","NA"
0.172372034552974,0.131135751759214,0.146423922040595,0.163196392770648,0.192305991736408,0.226151784464795,"NA_NA_5_YEM","YEM","5","NA","NA"
0.393952945429671,0.298909369413781,0.327256576918469,0.371960205463575,0.455864828650913,0.515356876779137,"NA_NA_5_ZAF","ZAF","5","NA","NA"
0.130920061140714,0.099130195488263,0.109483534002764,0.127344241429168,0.146773778691926,0.169792741071217,"NA_NA_5_ZMB","ZMB","5","NA","NA"
0.0216787738576817,0.0165118424036201,0.0182478818791601,0.0209647956255076,0.0243741285155645,0.0280766467639998,"NA_NA_5_ZWE","ZWE","5","NA","NA"
